packets_per_sec,bytes_per_sec,syn_count,ack_count,syn_ack_ratio,mean_packet_size,label
11.861663446573512,47560.35816729085,3,12,0.30334265725654797,471.62050448668015,0
5.523841089749877,3375.1388023258733,1,40,0.08000474078175097,1015.9773202437382,0
2.6359357917859074,36238.939227207826,2,42,0.010381595262097022,1391.4327152203393,0
18.906963779203778,30776.831444169904,1,48,0.02130058827029372,877.2521262842281,0
12.595968179742409,2809.9503290739635,3,48,0.2619748748226697,951.6560257482467,0
2.347061968879934,30573.4701691212,1,13,0.041875280562786964,1343.7740909786667,0
29.00332895916222,40515.668731764825,1,30,0.057859335863128095,1052.6563291633724,0
13.764422318448437,6540.892624816552,1,12,0.02685037534645701,1300.2524422866604,0
8.504619466400491,33294.85307552211,2,10,0.11189141480541252,924.4703606019906,0
1.908085481211199,42193.09634245242,2,14,0.4484654017095479,957.6899766921937,0
27.734352815670388,4880.378851570015,3,44,0.4238215858522942,1122.052121151119,0
16.65107183928331,29544.18270036049,1,49,0.07905287023763369,1182.4166788294438,0
3.1619686667133537,49350.90336172561,1,48,0.1538092056118387,315.4878049865929,0
6.76642971857535,35711.426661058176,3,37,0.3069203876426956,1318.9309663646839,0
19.88123373955639,45790.50393941715,1,12,0.23023083032771965,404.9511281394524,0
11.753729313749725,33607.64200684856,1,39,0.2997359159767863,602.1939722890706,0
17.276059349583335,19454.880300312598,3,18,0.4259677738903811,1093.9024732813605,0
7.843562672719717,13175.381976685536,3,13,0.35822481594603583,421.97990289301447,0
13.740758554107334,10485.100515602111,3,36,0.35080288234880247,453.2645998464633,0
18.5281039990567,27222.13401943282,1,40,0.4719982495734107,958.7520131373896,0
21.14876305815143,44083.158031255254,2,49,0.15486050606047985,416.04368581329766,0
14.239502544004397,11312.801642233262,2,15,0.16892906029258425,434.29675017074067,0
11.332637304232271,45388.00785651482,1,31,0.2192828164268656,1199.8162425147425,0
25.96118691443396,844.1304612939398,3,13,0.24756668596590178,1061.6796361792974,0
8.812957680157123,12584.213351264822,3,36,0.2642074046542494,1073.3208547846957,0
11.545258468999526,48603.213094687555,2,43,0.25365176788726884,630.9661407984466,0
9.26037433694656,2325.9038940493733,1,6,0.2563127213821421,356.6266263749883,0
9.080747462861732,45459.16135534936,3,6,0.2701579458253968,792.5614810304007,0
17.03389958306851,29838.48783202998,3,15,0.1911306834700882,566.3759321051684,0
24.29105293501698,23779.8814050789,2,10,0.205423976797831,1198.0750605413223,0
24.152008624551982,7960.518426288759,3,10,0.35094827532753214,1244.1946852950919,0
10.452808250854657,11401.93185449464,2,7,0.40665551260846056,683.5325860209023,0
3.789119981651202,47055.9015922354,3,22,0.4204779518945907,1043.2591287432087,0
22.32126745798239,10849.045226516828,3,34,0.35093435567909026,551.4050239770296,0
6.073692885782149,49117.33299480706,1,6,0.4981643128813829,1361.961286417673,0
17.190510154605832,44190.49898787231,3,13,0.14664696277016911,1070.3936129700485,0
25.55317312491087,42888.05244796558,2,37,0.324595506615601,392.55396149455373,0
5.6872327087437995,44978.43233209042,2,39,0.19241855561525412,1334.1467867035562,0
29.2362512659042,14554.088249504552,2,22,0.24795073925725103,793.2665572848721,0
29.8392664157138,9208.300007528596,1,18,0.1694458520980412,1121.1405456298266,0
19.839354072369225,42536.55881946181,1,37,0.27584471297190066,859.695484522636,0
19.453645927390966,12897.860020976415,2,42,0.48965750055475443,835.4163682554006,0
27.276864843838066,22002.52109276622,1,34,0.3261006473949768,1035.8164656294098,0
26.060859387085188,11894.170777956986,3,8,0.02191482355141238,1010.0195254978846,0
6.136209702804419,47052.69992546926,1,10,0.19137776312516777,317.00227818175415,0
27.921238315044036,21695.11534170706,1,35,0.4821737887737339,1238.310401014096,0
9.539017870017984,19562.3375657953,3,37,0.16529178252657606,486.44202135470175,0
17.147236611292154,46839.66132095866,2,7,0.28932997334378885,406.8941431478454,0
18.835209574275922,49507.66558016103,2,31,0.15469238832527998,654.8058406624606,0
25.611424052815558,7262.7559063804265,2,43,0.15386000368960176,1190.297271026365,0
24.49328844569624,43420.079769715136,1,11,0.2557429843967278,1178.1246968634528,0
19.848953992555188,35247.360424256316,2,16,0.4444424029858234,330.3784490610752,0
17.787081969719203,22204.469089395305,3,26,0.17079480706261865,470.5457784005186,0
29.4733857610054,42027.20835243349,2,26,0.13262316665277338,342.7182078723655,0
9.794699925523462,27085.580146234446,1,37,0.41565581185591843,598.697207401716,0
28.992303081332324,23134.625499879563,2,49,0.10524621665748778,752.4892955623465,0
21.28585411224862,7348.4780746811675,1,46,0.16824867174121053,1174.7048142455742,0
8.854135286600153,22229.085324928987,3,30,0.02242186427357418,1358.9132561457175,0
25.243423494853968,34950.72320163805,1,5,0.09491421683471442,472.0807469381947,0
8.257044046773265,27686.719902952962,1,44,0.46796085869645776,1002.0976532276854,0
15.984191465370433,33027.01076075826,1,26,0.36771926511529107,352.48774046081365,0
17.415079104328214,8352.999158303306,2,33,0.06687559384838895,350.602906223928,0
2.181135267250134,42845.29890854486,1,16,0.018408939897557618,1139.7008653043022,0
24.400476334472604,17642.06389392534,2,34,0.32838910449495406,352.86481661673713,0
28.52522621615019,44390.67917125335,3,14,0.3166713586999758,853.4498844380964,0
25.838205394461347,33105.33476513778,3,6,0.022990542165394687,944.3531394008096,0
28.26667700132377,28985.97180485601,2,39,0.32521122703675304,804.0781795406683,0
16.822886890162113,47102.508034438,3,5,0.48098337627371796,1295.88570615167,0
6.677942908889596,3933.38439332069,3,6,0.029091934832014478,980.0792727716821,0
10.76007223177307,32958.27045134673,1,30,0.34399069779666697,674.687026410664,0
8.56014131884119,25053.853987523606,2,49,0.4689575944092966,343.1049593432109,0
13.120434919751784,48395.23730025225,2,41,0.3778012283040206,1187.5182131939905,0
29.724649118019524,20924.57500711561,2,43,0.29446656604851584,1253.8282679306942,0
17.294134072169435,12310.54455962184,3,17,0.3725552926192135,562.0597676443774,0
11.95413769911255,26949.209939762888,1,26,0.15584123550956233,409.98337587804974,0
2.5510736056736985,47947.80409571832,3,16,0.18390354332673312,1352.4809736391019,0
20.626327228304795,24384.787007310802,2,20,0.2297383057693767,622.531848867871,0
10.531271815727562,33789.6635758134,1,27,0.39283506473088925,424.8110622191928,0
27.996944064931483,48725.28632245331,2,35,0.03737686579190152,1110.7391124701098,0
16.831557334784677,35438.65845199538,3,16,0.34713470498576915,1220.6602616611112,0
26.1391924540144,42004.79780631726,2,17,0.11906244460980495,736.3167621496771,0
26.86501035452652,7756.938673755261,1,41,0.12428175548801862,939.4359589494605,0
26.03101713768111,44077.81844760163,1,11,0.49314052127320673,1128.7160037848357,0
11.911527980396556,4633.285476584104,1,48,0.2836180823705445,766.6442101716739,0
27.284277167747344,6004.275374154491,3,49,0.015563285936035343,815.5267061935389,0
2.632794994773283,6381.48685526956,1,45,0.374663711902216,1049.1433698065998,0
7.887687667481628,20311.03319716523,1,29,0.4356135728128355,545.9554223713978,0
28.933453643777728,1101.646497145909,1,25,0.03126638381610465,1317.1076632459556,0
27.654355743081123,13023.013315467435,3,24,0.04696292807398694,482.8369751001782,0
7.287464091008245,15077.450368551778,1,7,0.4515674251405846,349.99101837560363,0
9.14793249817468,47545.36846178966,2,16,0.062310472308583345,669.2260712766595,0
5.9207172129714,32518.99390260183,2,32,0.04808997211284257,1371.834288432783,0
29.600111589908483,35059.00484397738,1,13,0.1616685319803006,1195.1745216776435,0
20.8572040040625,8549.538497572119,2,39,0.4130432490323528,1344.7799046211164,0
22.04586574326244,30864.0521988216,2,14,0.4670369568434665,1252.6702784504491,0
2.311341433079493,1805.1652376139743,1,5,0.2453813401145138,1383.8146557320547,0
11.925430128200283,37604.125848815565,1,26,0.4162904681461921,925.9896160823224,0
2.841843058110039,2322.682447981573,3,5,0.01669926276522867,382.89496638770856,0
21.05971751789845,26950.14061395842,1,42,0.457451218606245,943.6644855580191,0
22.057504478083594,37975.51950110157,3,21,0.1281315678415196,525.5498613571774,0
8.291830745842155,14099.223952782484,2,5,0.3391333353588698,979.9410645036854,0
11.386718822952375,6121.100813881637,2,38,0.24334324142661695,1214.5086390687513,0
9.925539953360433,40911.093893046585,1,34,0.43956026530258907,743.8311528336367,0
4.886441625068581,1924.742477510279,3,41,0.3139516801631977,1074.487744909146,0
7.175960683758412,7250.388041545103,2,42,0.30796304627552373,1000.3087537845108,0
17.089652647724545,5004.603507040849,2,42,0.23094611923389116,1301.5184062436003,0
9.640824094716564,26418.312662743054,1,9,0.40027117008019986,805.2814887407897,0
25.42065103554258,38561.428195112174,1,38,0.3141947853668247,682.1547490479556,0
7.064792941276911,29192.67175635105,3,27,0.07274246108930849,467.0929628635238,0
5.025988006832894,32223.299867759124,1,7,0.4384156263786644,866.759660350632,0
29.220200128833024,30295.80207927753,3,23,0.4126774120537801,679.5908906046254,0
11.080957219997822,2074.331733515674,2,5,0.2718675168289363,691.5906326991847,0
26.932300623981845,6873.045715832373,2,49,0.16757555469321422,401.5196448516207,0
14.953216427632503,34545.34349625611,2,47,0.46122747626058846,367.1857558403501,0
9.029451796268908,40406.96334975654,1,39,0.10041529948462488,530.2842556703813,0
11.743690980950078,24483.887766955555,2,32,0.19076768338918848,808.7881877464627,0
22.67665720587894,2315.818543084596,3,11,0.34671109764763225,1228.8847398969915,0
22.738870728249033,2008.371560312911,2,42,0.2709824605629614,566.7175539982027,0
8.80805369753205,19175.56607367882,2,43,0.16781879113575737,532.5928076961991,0
10.497423213159525,6428.225525052935,1,17,0.30086030224148386,1047.0125510589387,0
23.88596591961281,25172.888846988335,3,40,0.2731822054910884,945.525229822967,0
22.61774475134557,21867.14753836913,3,46,0.149050193841375,699.3905260384986,0
19.731599998616435,28753.526081111137,3,49,0.17187075582764785,1327.061006135862,0
1.2184965308881675,11653.973486770148,2,8,0.4269005837397117,396.6763869941583,0
24.37008171549316,3254.847723170279,1,7,0.2670105808894248,751.4365096886277,0
29.488979890349587,6045.925657318591,2,24,0.4850405123049307,1252.0578384833784,0
24.695090057529118,13266.189938724521,2,6,0.2828138175768256,928.7739584168899,0
9.119393716148242,38589.900193000874,2,30,0.1686028258380794,767.9800824780584,0
15.720700981849195,12499.281754546471,3,5,0.30920382079639996,617.4936085642814,0
17.855908421255755,8140.954406073014,1,47,0.3010027178033704,706.1535296608857,0
14.17377119435389,27655.854337938585,2,48,0.10884792654181555,1053.0287026678166,0
3.5481752260370474,7371.826285380009,1,21,0.06718107142942384,820.4828211570814,0
18.57695455061932,39817.32777333989,3,9,0.41700350981598727,1361.5296017331639,0
4.604619481080797,36677.94002258039,1,38,0.09880420242117346,373.14589410345525,0
22.492498829411712,28936.419102405638,1,12,0.41569103471697105,1125.5521172418448,0
24.186576796665953,41344.067496293465,1,9,0.1254889555718499,997.134420092195,0
27.328117783412964,16151.730823676484,2,29,0.3446612110743949,797.1434614289432,0
21.699691190804455,45033.53854196257,1,42,0.2744927203381702,782.619142927173,0
17.747101856277645,18090.441365010596,3,6,0.2763409019458544,1297.1193220610016,0
19.102901881505773,6286.453015064021,2,7,0.31757694600499475,668.3961761227947,0
5.03889010723823,39804.24686887965,1,37,0.27139593506839754,1283.2818413560535,0
23.869319125511392,8007.9065467711835,1,41,0.391500250134868,457.44078410331656,0
6.931793201914435,35846.172070068904,1,14,0.17762005687079466,1203.3830351392141,0
4.20832037170101,42399.38844085865,3,33,0.27453171218529,834.9932301951686,0
12.859700135479304,38708.15803961313,3,35,0.30323692359056126,922.0591820552712,0
21.76919316725561,30151.95355647766,3,14,0.17783688601748626,550.0860813329857,0
13.284309010194004,14752.516015548443,3,16,0.4568076803330527,453.02781355736806,0
3.9230434874607085,13172.768826756279,3,16,0.0600842054703478,1310.6255744868213,0
23.912454476598516,1639.618936988057,3,46,0.38791086757467164,711.8789066924642,0
2.998724641649345,4327.392741694969,2,44,0.42181541967040725,1301.7548180812844,0
4.5615126735262805,12177.34871245652,2,40,0.07108471378960075,1312.9260708791096,0
26.22699449980172,26182.48382774057,3,25,0.19585979220891894,1118.6746170276178,0
6.961814442893488,39495.59949136737,2,45,0.065990977027287,755.9550426239905,0
26.042026077775752,46186.531474025,3,22,0.24561011926364604,1310.3001974332312,0
18.02497849996045,2125.9101770501984,3,28,0.29303965750485816,482.0646491707712,0
1.9824956471512545,15917.921971071491,1,47,0.3198095010805699,314.403902247167,0
20.24258378848461,9312.780360052695,1,24,0.21316582062624162,393.88463488650825,0
29.909353303532473,25358.65301139651,1,36,0.04286747392032947,1124.9565174390955,0
7.087262199771987,44953.68732731533,2,33,0.31623823365501563,715.4985421841862,0
25.260379585477654,29578.95340958668,1,18,0.35988900789701583,880.4125031592644,0
16.49922084646016,24313.853445185505,2,42,0.3850245777224579,413.2796272644471,0
10.696521528003982,4237.4165082925165,3,36,0.14342790881294673,1287.1734508007726,0
16.27077553311952,40137.11368856299,3,32,0.4214965411337196,1253.693136012676,0
12.831550365580497,27810.268465337318,3,28,0.10609541884979187,856.0586670166372,0
18.2564204113122,17293.926671861453,1,7,0.44485563643161646,912.3937432617026,0
21.903579793004692,40363.090884216304,2,36,0.42929126937208,1213.2418510236907,0
12.51832235893519,33570.21426024698,1,18,0.1536423878278965,1285.9694003732318,0
1.377055781811345,4732.67227729617,3,25,0.02300077989817166,499.57897859877704,0
17.908205268121073,21360.51525432865,2,5,0.41054734525183606,675.9990868676636,0
8.523279569507482,19294.77420427971,3,16,0.4170207082169724,679.7113593694032,0
23.441201172838866,18456.5157859643,1,48,0.11756015728966976,1372.001991718757,0
23.613004468852893,6154.777333059643,2,27,0.40192907541418443,767.7348549161568,0
1.6516099412834047,13799.52928955483,2,49,0.20724952136252048,539.8254182434952,0
19.706570865310553,21374.34476038745,2,33,0.0941228500656687,599.5380591713058,0
1.5333296198765352,45757.7909247447,1,46,0.29249307300198424,601.4607427559266,0
17.07116207295801,32745.30922341728,2,16,0.11114642316269556,312.09541152432854,0
4.969683271995411,45050.9227714812,2,31,0.3027324200634511,960.5685464770187,0
20.28606356184141,9180.878291860754,1,21,0.21519755719711584,721.4523810744472,0
16.04861345320229,2824.8153553652246,2,47,0.10034175113269196,399.3706566353687,0
23.358591840528877,3878.3604150275332,3,44,0.22422476421504933,1307.0650450211056,0
21.924452972535263,30715.0310168939,2,38,0.2043581927955066,1349.4956301935963,0
4.915037045215001,24445.86962565443,2,40,0.2745229616650148,478.2152656807431,0
25.40436014899126,42397.18854107059,3,49,0.08578934903278575,985.6658059954898,0
14.75288195231072,17546.994736189543,1,5,0.25279074494103726,1057.2426360705097,0
13.60999281950864,12696.900645335787,3,41,0.011146301406631347,1364.469327027795,0
1.1523607381931624,5603.140427680371,1,48,0.405640823390213,1358.3086643405295,0
23.910393204963828,34682.73150605921,1,16,0.2755314642153955,1260.240419464049,0
22.234521705877274,40424.77681914176,3,41,0.3492155166137477,1234.115216721851,0
8.240372256916391,24726.535700335455,3,30,0.0352819452627679,1036.909211005043,0
2.280797693592905,29619.05597001159,1,27,0.28234522490421804,820.5311298894667,0
10.072790838662039,6465.86764992999,3,13,0.1043735236149589,426.81022337201284,0
13.231117132184863,39869.42097897532,3,34,0.03689248117677271,800.6580535397717,0
16.1506027060639,32405.059205978196,2,35,0.18870165223407986,916.7449134038654,0
14.950794631478507,44307.418647902414,3,44,0.2261057592565992,744.9339946500359,0
17.600405023570506,40296.86048034443,1,26,0.16618872643671426,988.48051408071,0
26.693354698849426,30985.227815024075,2,6,0.02195638296270363,1257.1087612910228,0
1.6168129146612271,43797.73279786787,1,22,0.47014317227131913,1178.6615593510319,0
29.940089205466787,17860.234864859653,2,33,0.028422418871067827,827.7594595421552,0
17.841959009592504,13948.505067915701,1,14,0.05493267420460077,670.0075102112643,0
16.15305655740117,36747.454455639934,1,7,0.23898227560344976,626.7031641003705,0
25.73183282906514,35919.889104094975,1,29,0.14586016639141908,1301.3730122632878,0
2.307919639389372,5918.6461346162005,1,28,0.0709744030754596,1352.0572673153674,0
24.141690342158117,13319.641254289776,2,43,0.4407679707054607,1339.2052245205514,0
14.554643826246222,30863.863765930033,1,11,0.4956726268071185,554.8388715217877,0
28.339221449918643,32657.50912512224,1,49,0.06896599339714801,351.6398928625943,0
12.138627733246237,2318.2309026173743,2,7,0.41484079093904325,1180.8466558428627,0
19.26355976688844,11208.039140309398,1,39,0.3026642954908671,877.534650946295,0
8.546767670594292,26004.772253578933,2,21,0.08540899410652897,1197.4164374896795,0
7.50877658326316,11578.971933719842,3,29,0.30054056807243457,938.0948286215923,0
3.6531182845348913,43934.31270020383,3,32,0.24357164588188052,348.8143298865605,0
25.713612467063225,2253.4072367179806,3,44,0.46647884927630506,1108.733919975798,0
9.160337856748276,13006.130151063811,2,12,0.35090000349637757,353.6619398404904,0
16.4454730626221,48125.03764330647,1,32,0.04730412115024709,1236.3276054536454,0
15.359249283405255,24289.035577669078,1,7,0.1804265118720746,1045.81776781497,0
17.40622695587794,13717.899373386355,2,28,0.4007387505873948,1024.297018124268,0
25.666870143733014,43431.06294751022,1,17,0.4201365308981993,1067.218607836212,0
20.724082381048714,31121.26322165162,2,11,0.44200219505747157,1357.446817003398,0
14.498630254329523,44014.03827129251,2,14,0.4117739895299691,551.4876776774158,0
27.352337968811668,555.4455182654197,2,18,0.380751543854618,584.5571637676987,0
6.600853073031499,4662.86211116524,3,45,0.3195886282381675,585.7839391705758,0
19.386165389888728,27229.276295934847,3,10,0.14883804465013498,320.2704906120392,0
13.534982732882856,42086.01438569033,3,34,0.3793124286847544,1167.6876800578189,0
6.038850783919437,38657.278372778994,3,21,0.3877823033407464,1079.4292050628924,0
14.733642764617567,3367.0627976605156,3,22,0.43705303501466436,1370.8378660951366,0
29.097457803285053,37607.76567127477,3,16,0.022047589064812738,324.335906681897,0
10.384696355336697,24687.837925030955,3,15,0.34481473453718753,790.4929770144231,0
8.93517332216831,49857.6627578067,1,39,0.231179641921541,479.9862033108361,0
24.049476913747952,34837.27017618369,2,18,0.12272630468540262,444.46863905031586,0
26.173575353436494,48180.21434528653,1,25,0.455667010364431,1243.0961013017486,0
28.971093695836046,38124.65688268581,1,7,0.16285647534261394,652.8170144819402,0
22.008257505809393,37418.932095532735,3,29,0.36031277969910136,919.0253149777209,0
14.674441342972868,27390.02388660293,2,29,0.4356253522982493,1154.256538070916,0
23.356733494677506,42316.76979178594,3,7,0.4004309356533735,623.5847706778256,0
27.44324501383742,48391.807548881996,2,19,0.24594595224114954,429.0390078586339,0
4.630387973873963,34435.48171783408,1,42,0.12051466979743036,476.9080159860091,0
19.894064537265677,16633.310465627706,2,28,0.22229090699611126,1382.7865481431943,0
5.337838637359408,23497.630533472602,2,22,0.2451700290113905,960.0226029312341,0
9.458214782569794,34901.60336326386,1,42,0.45483113996247365,1096.713838939053,0
22.725687533937208,7723.1426647397,1,36,0.0190001421008646,830.5920197067508,0
7.100137817647189,17627.820098419557,2,37,0.2636787052585086,396.65314905931666,0
11.168181005066241,2143.553885172645,2,26,0.16782640408747432,1375.2130249462643,0
6.824913606006531,34813.10007072271,3,38,0.03017991268684312,1037.4240041898533,0
28.59494925630448,6648.888353038938,3,10,0.3014405523146987,978.2650400487214,0
18.775381071102572,15292.376373697036,2,32,0.402846760704198,673.3952117970866,0
24.629928298648856,4465.684896041419,2,26,0.23163595941396709,1007.9354647161774,0
16.26567716714728,36713.68132688893,3,22,0.03957252115537626,571.8135574111611,0
5.626795723282462,43653.28654631398,2,23,0.48817397535137436,670.5853709482176,0
6.281419554972279,39590.07610355272,3,36,0.2541159010620381,910.8999060313944,0
21.85685156989565,11808.509695899287,1,7,0.04994797988068908,743.587497236215,0
7.396272622747375,21210.78953904881,3,37,0.4218216790756974,491.612670236079,0
28.862635993122332,21087.41462427357,1,8,0.3703216463462188,1144.4962768734583,0
15.640501574897517,27393.375906482775,3,36,0.29814860526413883,332.33389033215803,0
12.469939925621443,30506.341321277992,3,38,0.39854848635675943,1020.5102727153194,0
29.7718661738795,14550.799166127928,1,16,0.19808510441522018,812.3940877222734,0
25.243943849655075,12171.708650980889,2,12,0.20860198971201427,962.0409220282094,0
19.343675463562878,18956.007540852257,2,41,0.42864869575109377,841.5056420928382,0
8.169701157692135,43602.120112989316,3,18,0.2622605034255482,695.1567063397422,0
18.195574691612894,8594.431692958628,3,29,0.4850120379442909,583.9467759712403,0
20.045363271697475,16596.908179122394,1,27,0.23235687527798324,559.6555096811103,0
3.131405672570367,8903.016301833266,2,33,0.1751315564513303,1211.7717024708704,0
13.495738186192373,12811.35649308768,3,16,0.35632083627386846,483.74609869104484,0
5.860957272361212,2315.2356332103773,1,41,0.27142084339685085,1159.9693628295322,0
21.456182229253905,22595.248002372984,3,19,0.2834887223009928,893.8964234524337,0
1.991445212235587,49341.3025276795,1,41,0.46893678922453114,343.27789473536063,0
4.541187506290777,22883.851900030048,1,9,0.060621388990767675,943.1377704868476,0
20.958028110131266,20170.25992898785,2,28,0.3461241906316622,319.1177692040276,0
10.370789055038077,48668.33852948215,3,35,0.1345700441497717,873.9030512998345,0
10.936951155506545,26846.126946901808,3,49,0.08033575739930249,1333.801771119526,0
22.254068631898914,8537.903785784885,1,5,0.36810644268672943,471.78022927139136,0
7.802277506710031,48185.66822460975,3,38,0.3341998516818619,1376.4944161405836,0
11.854606247053987,1367.0415476720807,2,21,0.4171298237574357,1251.0697195505404,0
23.287061571189945,6098.936044290364,1,8,0.34149155903085077,537.2426676374889,0
20.10767863674706,19996.288079880844,1,45,0.062230584850915455,1023.6298350633397,0
29.98299804734933,2886.4959235975234,1,37,0.2093849007542066,1257.828795370985,0
23.68917903768993,28567.304918840055,1,15,0.4404726250376605,744.5543538161362,0
10.483961685333922,33545.87258539745,2,38,0.3835197160405417,1177.595013744498,0
13.631916129575057,40982.79370066357,2,11,0.01282174364407957,657.0444128902973,0
11.627384511270538,20110.54823465814,1,23,0.20039346962246943,793.5629848847836,0
7.888779795355497,18975.963685652336,2,30,0.29766023677356396,485.2888236569916,0
19.6347030994685,38087.54423218187,1,7,0.2757581958400718,1346.6264156325904,0
25.56785347980465,45754.70753959776,1,30,0.0633699875048984,463.8910415672142,0
16.272090120799827,12680.448110500913,3,47,0.3847927981556429,1194.284312587703,0
21.82556921056834,47798.422949769265,1,25,0.10593121298493759,308.3191624759563,0
19.776766710483486,44952.512173024355,1,40,0.46424692695019026,366.2941293185169,0
28.098644777359915,17905.3230183619,2,18,0.24807716200129956,582.4542244925588,0
9.261314156895763,15710.853263851186,3,32,0.2741890255708747,642.438469071604,0
18.699679716016632,35949.45837404808,1,17,0.21263905974742225,434.0747026706423,0
6.253331136505729,34215.33377126665,2,43,0.2673300579968595,1079.9508878946758,0
4.099430769747571,28581.954871630725,2,40,0.21801843834621734,395.7428588464245,0
24.656710661624146,18988.729310400187,1,46,0.06502912876149738,302.8424163294806,0
19.50157096800563,26001.170931519715,1,30,0.11390197155503105,972.0790877360909,0
12.919825624394436,42073.13449190266,1,30,0.13526604892654343,632.2665520182745,0
22.2267839599834,42633.125912212156,3,14,0.4066696881265365,1143.3217487204465,0
5.341415070751774,21485.26823920845,1,39,0.43593721607901575,820.1811621965004,0
16.525384953437165,9333.07527877472,1,19,0.12282062252965627,526.8047809702691,0
19.500863006163133,13215.750458462884,1,29,0.49401490490529476,450.08372781240644,0
21.15919206738022,20513.77902116246,2,43,0.36501325718532285,317.4032009421407,0
10.891610709752396,41025.99932740202,2,42,0.2934095893331405,601.5767332157865,0
3.3031617006806115,4740.083355023312,1,40,0.10401498911218401,655.7087183270728,0
7.573035664582653,18072.317138680897,1,6,0.3381052819056413,376.9247662803775,0
19.564878491016817,13921.798106759148,2,7,0.2711493154101543,656.7671284269131,0
10.65705547868774,33639.604282310414,3,48,0.33430120302619554,913.5617591070273,0
22.188864796938137,23527.67780804405,2,48,0.053496023112806546,1357.8323095502944,0
19.413841322139962,37864.47208707196,3,20,0.2106441479725499,764.9580247358085,0
24.83238687313152,561.2156480907674,3,20,0.19743787731956405,431.81190221941097,0
29.25077423021245,1491.3046183283113,1,34,0.2652694088633007,985.9442568030357,0
3.584608531364482,37885.885814591995,1,20,0.2583508315920365,475.2344226808783,0
2.8301619592953546,6323.626909441152,3,49,0.18646683966104435,396.40702144022237,0
28.17177686790082,27913.210915262625,3,7,0.2045209433663989,791.9227945553192,0
18.417235667457902,26026.13167097664,3,26,0.2535121066238568,1391.373816305644,0
25.691323774607778,10821.270460688122,3,46,0.274468983192372,990.7450580498994,0
20.554810385862403,26857.819031691593,2,10,0.07922624414499783,533.1807399924623,0
24.743315118153834,16465.13490339755,3,6,0.08535766333733523,545.9758779459423,0
28.762363748943027,28865.55073207704,2,29,0.2918300417433462,827.289884151637,0
10.098103044628786,30515.36174945209,1,20,0.3847568024424678,492.3224899864538,0
15.57441621743983,20233.8198747295,1,17,0.1900918669228504,374.98954032404293,0
1.7485453015351227,7190.731313163727,1,16,0.4832528589650778,775.7476661631451,0
10.042667859472527,25554.022210592084,2,33,0.061775695288254516,1004.9089461592268,0
7.265107292778389,31169.603767442564,3,23,0.1993658121679821,920.8851997467707,0
6.561691212163957,10981.889857941178,2,15,0.3795842367284929,981.4475265483464,0
9.623296398868328,21801.6902866916,1,39,0.046568609025170044,1160.9656448185642,0
8.696234866457644,9299.436198636786,1,8,0.3202629167465974,551.784065331275,0
7.746720618317749,11429.730174389137,1,40,0.2682503173167093,768.6917222794086,0
4.790600925465785,44386.9086544031,2,39,0.19020208192987192,755.5427277818197,0
24.998598971439353,36813.911837789405,2,9,0.015405319570037136,757.7693979977377,0
14.958980397424385,1450.017702741306,3,25,0.38254201332984616,450.82067630189897,0
16.523993812125156,11152.492664853256,1,30,0.1281887142237753,1373.461130401059,0
24.244576244606698,47999.043893891154,1,39,0.14026705696061362,1010.6991358087588,0
15.48068121437993,13667.954261266346,1,30,0.0723278837168503,1251.1264313544593,0
8.06086108374115,32759.677071592934,3,45,0.31089984248052066,1245.5217548116402,0
12.379417924325761,47832.998437122944,1,45,0.06005326953219367,1024.5613608281878,0
28.34210310098459,40539.73135099824,1,37,0.4220270739187021,342.2689838585575,0
27.151097771927283,23343.13449892434,3,38,0.1993109658256746,795.1368756617355,0
7.581976136595561,44524.85034837779,3,28,0.4424051258234889,416.2628278969015,0
29.659982859003808,22442.017828459106,1,12,0.05154808786244358,1087.9557268689505,0
3.090445743961528,4027.2080243803007,1,9,0.25920385182931344,726.3547546310465,0
14.396461163457717,49583.62623907856,3,23,0.33407159942450304,503.7151246542147,0
6.049170724688446,5370.584660813167,2,36,0.0436692879339512,766.726574473377,0
3.395912240318792,25975.550535388822,1,35,0.3934176130363296,550.6266592974209,0
29.303734638364983,33533.84470329821,3,40,0.3113563543390446,1152.0971587015667,0
19.67322335269279,26749.955595833337,2,14,0.40136995391074154,622.1042403710612,0
29.41913955140667,30293.138686997943,1,36,0.37655585792047075,1192.9467668991513,0
20.037879612613576,6840.739445126901,3,21,0.4647609837597644,547.0771730282371,0
11.792843691287887,21887.8057057377,2,29,0.09020506271799772,601.1704382655172,0
27.92120845260873,33961.12264152459,3,25,0.15009432672718848,1197.541632865479,0
25.979729894539645,42402.459765168765,1,22,0.3216746742276143,543.1697085991013,0
29.37352108521728,37535.49934596038,2,11,0.09849135310589742,359.24402769782876,0
10.28173514310852,37782.77312771344,1,26,0.2743825480427975,1100.7418944038175,0
4.130367724747466,34422.251797735735,3,35,0.2493131237318204,465.74371848086514,0
10.929125444972849,20964.114240115443,1,37,0.2590966679889772,627.3032964507026,0
17.385637792911467,34599.822451479486,3,48,0.32178276344983153,1137.2336907474737,0
5.642077413682617,23347.0949837796,1,48,0.36596624040537235,1390.9909464842997,0
3.8761648880292614,20373.96863513377,2,38,0.10997746096816043,910.5934442325149,0
22.25906758486057,30991.279787878862,3,6,0.18413843865601232,1162.170962933937,0
17.072568909828483,758.8658703741805,2,16,0.37540955353830374,522.7286161817611,0
28.784130923462026,18713.06718945318,3,20,0.08295514466289788,636.1646370392364,0
26.422872093017816,49818.549712548745,3,8,0.36381475971934113,1274.815358511582,0
18.19828569141674,19880.52205980255,1,44,0.0974025663105916,331.9785183783491,0
5.839668417791257,9475.304356312508,1,24,0.20714029109641244,1261.6887176712617,0
15.79318166246593,36308.53589780817,1,20,0.12046499017720998,1073.2377850765445,0
2.5313148535873147,24586.584281065778,2,22,0.3050513655857157,325.2260923948462,0
10.34113212264638,32006.287226933124,3,26,0.3507536676807461,1120.517729695042,0
29.477106522938215,10887.178745392266,3,49,0.08225173808607913,661.0120289702427,0
13.586561619042383,4885.721269141053,1,32,0.37047492597720305,1398.1822625322445,0
28.06028660896317,32306.97737699198,1,10,0.321726908707034,1164.2167798882551,0
4.4317495367782325,20790.29203996627,2,15,0.37259332947594975,1345.3440282236509,0
6.885154659672163,28494.7232636113,2,7,0.02283638718071175,326.61094028049075,0
25.11921426659743,14017.005093654214,1,49,0.3934651505271556,361.749713757831,0
25.729112576395625,11664.295831323765,1,33,0.23624907867006725,828.9966008283766,0
13.620231578405347,46898.98806368529,2,30,0.04949474174099108,1100.7332376711418,0
15.397373418303692,22124.109779451388,1,40,0.3851013205056438,474.79898443628895,0
18.696529334851597,7200.0270727454335,3,24,0.33190802657089835,1352.2760831918038,0
2.9997824743362145,3324.208696987089,2,26,0.13823578503059394,571.6766789791998,0
27.281382835110065,12852.536892550552,2,35,0.2303725228007646,1154.3816126506995,0
2.895618569367172,24634.774086832524,3,24,0.3136527256977137,918.1921322134874,0
11.031692977549133,16101.88129431927,3,11,0.05234805927364778,560.462740242524,0
22.241013223304602,27641.868894458,3,11,0.20278944481615988,1210.6552128543901,0
23.843677450303552,31409.059600350538,1,25,0.13569973059768142,1019.5920616214819,0
6.744831350032464,28483.84760129469,3,29,0.47404763399197425,1364.0917955671027,0
6.307447882807088,1590.7404347264571,1,8,0.21481506759653732,397.7242695963208,0
20.828869061734235,27482.723648904634,1,38,0.20794915940000866,896.8003837349652,0
23.9592996651472,27667.513507642907,2,10,0.12081205527907096,1231.6106008974157,0
13.430285862143798,7477.5015623275785,2,6,0.05780563001725687,1248.1855992446995,0
14.34470567016475,37589.54377844093,3,44,0.06484860424054986,691.5707111743379,0
29.36379272123233,39802.4909602163,1,36,0.136724209095139,481.1769887755255,0
10.576236881273429,37959.19953158744,2,19,0.11039182433384914,1265.6130859672448,0
26.507873793594346,43593.632039777345,3,45,0.2844893066037068,1125.8024576992818,0
17.181441424696555,27849.4239317449,2,7,0.4555179008721645,892.5719777479857,0
15.436562732994416,5720.948147853214,3,29,0.2047168813378051,402.7487691728252,0
13.791092589272727,10182.659015703493,2,12,0.150697599461442,1172.1398609372231,0
17.750207610553566,31911.829668740036,3,13,0.2040255316046029,1306.5990752477476,0
16.457837150138058,8318.763730349727,2,16,0.09135681357393577,974.820452503094,0
11.529921362386302,44910.723877748635,3,44,0.2584550408940661,957.9238923059198,0
1.9681244518050556,18502.809675428944,3,41,0.225758475000491,976.8278275767822,0
3.4204584646921155,44179.610236163266,3,20,0.4943238348119175,833.8948814758759,0
4.55058305240929,36396.68462735584,2,8,0.49856829697001426,1377.760703639974,0
20.02788652259684,6926.40922311002,1,29,0.05558493836541333,332.30057501263155,0
24.865794940423097,10882.770910342228,2,9,0.48699412108832485,670.5245520472135,0
9.598203657216143,45951.29598132737,2,23,0.38219538095616956,1386.8721233180513,0
27.137584312464817,32757.561975968085,1,25,0.1346177707773752,1201.1806153586072,0
897.848626858941,109832.63338368165,326,1,417.33965103633886,45.031873926176665,1
353.892995842553,36974.67805458884,90,0,238.91671498007102,77.44131684816531,1
703.475447149423,127976.42782090192,199,0,424.687587715261,63.56435836990823,1
982.2391973128814,130487.00627619,261,0,346.18434198583117,56.25520077158495,1
733.3781171831828,23231.818150857092,472,1,431.4751979802485,51.358977851175744,1
861.484956456499,63062.456806337985,240,0,354.72152241716975,65.63273765725265,1
409.5140751922216,50402.431510508264,276,0,169.3745405893438,72.65813952656416,1
947.5590956812102,175528.85162997988,88,0,399.5124880453169,73.24924517379976,1
371.24382893110254,182367.05583410768,300,0,291.209299715709,45.54947346067405,1
529.9972122354616,97468.071528366,149,0,284.6579045891995,59.02002744852048,1
980.2802792340605,31036.91273199998,133,0,44.96172070641751,76.99520603834651,1
930.365069369278,63207.09261459299,481,0,163.80365946940145,85.53850808219576,1
790.8676180572663,162932.28759987335,222,0,320.13863619542656,67.95924034146633,1
684.0023938937892,111208.41848469544,324,0,238.67504878696565,50.922159144165356,1
252.21014253492427,22984.777751129477,335,0,30.891917231724527,63.43839827322529,1
406.0754716460003,123687.92201657417,276,0,167.46157796581772,77.15965993658017,1
190.92141058160044,181550.04908647758,313,1,342.2072245325431,69.66107850536922,1
908.4571234187044,45212.73411045574,232,1,138.7673307070306,79.72891393500952,1
179.4697267175108,120733.29866586303,113,1,431.4556445728312,66.07228445217947,1
204.094772893646,167960.96773328487,221,0,375.34373081909274,66.261987876008,1
177.7488259138183,175024.78620085487,265,1,296.59186722295306,65.87231758775206,1
515.8632987728417,70219.85168031265,125,1,392.5928364718243,70.09617155075658,1
908.6447964616192,94242.20273204567,281,0,324.87108771869464,69.58485811531628,1
747.2387071226889,55112.358991213194,397,1,136.23761223735568,79.33751675772184,1
975.1512755035656,59908.37209374383,211,0,378.2071101838659,65.31330297476013,1
688.9884266698816,23477.12106541695,202,1,196.88021927244088,63.62466775032568,1
188.80143367702618,36604.578535130364,429,1,486.4780281779991,56.56735035515254,1
559.7348993952701,47258.56542029466,340,1,158.3245273700878,50.34962892192134,1
589.0867341790822,11046.101840479956,351,0,129.05768432338243,41.83606812504106,1
241.82189101108767,74383.5233743628,390,0,296.7231056004179,65.63338629782082,1
399.46549972690343,187033.2066922351,314,1,66.36906422799146,70.85332580589007,1
246.7626344551112,75592.3971323215,472,0,440.2556992254585,64.67732901700593,1
746.9199511269146,198635.19940982337,382,0,155.49747462177177,59.72880377988232,1
508.55395175800663,88094.0043004537,494,0,147.63229574080538,73.73039264581081,1
402.2184949384765,146501.5536655597,299,0,25.74342496594963,71.82006850917035,1
193.4650742257856,58945.371863407156,264,0,311.8028401509592,74.32949567463034,1
247.31449235601934,82929.38777854611,176,1,200.3001853364354,46.05125002425965,1
506.1056216593541,152723.82908359944,274,1,63.08550668890414,57.73856459179921,1
950.4668548760862,137028.80287735368,154,1,196.91199564798586,69.68303956042692,1
158.6115064235819,130858.24881781302,167,0,315.9723974637891,83.68492967331724,1
765.3770971461797,32906.09911670115,51,0,56.560826068993066,66.6983736273882,1
270.816555224439,12224.256038871772,317,0,238.2052090454864,44.21961902722712,1
489.4634361354873,182925.5809886055,111,0,127.62439838055143,63.33038923486079,1
844.2147221747629,22803.065409249277,326,1,429.62458751512514,60.19489320850619,1
215.97244802172474,113081.53002112778,171,1,237.04927029075154,79.91901702591763,1
849.0590176180367,172936.84415564392,384,0,229.7179797438157,55.94334091605694,1
644.8689346049968,80522.76045314924,362,1,360.1532847558167,74.42025092460685,1
468.36995396710313,41703.43832276303,470,0,92.73221843890666,84.50485175919042,1
443.9958416271788,39347.35197243152,206,1,331.76563348608,71.84511587273715,1
439.51354159409794,23625.25888105369,175,0,172.82831015511195,73.85603198675047,1
664.9123620347868,79272.8083575326,165,1,494.3170839239061,62.70008105980574,1
735.0331004132015,36705.06383988855,374,1,38.079941937996104,65.2727558955225,1
969.414796050047,82999.27546730204,204,1,39.704000686688175,59.39933799734347,1
286.02119599371497,14436.898302355323,364,0,242.79842921889806,54.46223859863272,1
915.0707055640086,32066.402438099867,219,1,174.13419075424258,84.42018361543407,1
662.5014450075423,167074.3983508826,418,0,161.99258296390423,88.05677427037965,1
481.0596106670573,83247.26190001523,327,1,490.55177139653927,63.89392240111212,1
602.4189014766297,41984.02162463474,358,0,423.31087707884336,57.80928235587971,1
852.7927277269562,144712.60761453604,299,0,266.0370239068775,73.86936607593584,1
349.78163258325134,167830.8169988146,373,0,103.48997396023653,69.14922130823012,1
999.7567335325269,38599.083416048576,403,0,123.47177651409004,79.11941647300436,1
774.3912346532012,67092.98326408214,263,0,401.4476611823866,63.072275594365635,1
771.1953244050375,38116.98799950861,54,0,362.67024042410156,85.34714044174169,1
262.5165221797266,122672.75506851355,403,0,192.89385175972166,62.92332122846289,1
182.28432879637546,151713.40733913227,54,0,348.35904915623064,63.339103861559394,1
179.29207051125002,194225.46810113813,420,0,268.62864766991885,44.68362103529551,1
791.4280383588031,103466.90902008853,232,1,258.4236343260645,66.12220727027322,1
628.3049441689883,93832.50559451204,460,0,461.39898753802925,58.11340435492956,1
766.8589937369567,179945.98579660413,268,1,235.64152228140446,70.10584926773898,1
652.6957455091149,163251.97504199264,212,1,498.1584010787345,42.97357844336404,1
152.69267129359648,131637.6791963285,274,1,139.18163463225483,55.594954000214024,1
367.64043033921115,15850.10943548509,480,1,129.85410701507135,76.70148812946532,1
798.206935490049,186558.90562137356,263,0,439.2229607623286,66.36130904199001,1
687.6624934709537,132449.3526529964,253,1,183.3684780255775,76.65255949299967,1
599.2913932638676,160744.86271801605,212,0,120.30923326678659,89.7324320779999,1
226.3403311403579,10440.334101914634,116,0,187.3466422499618,71.64531653392172,1
208.67510975467218,11076.504760617781,185,0,415.4151520714666,80.45915855695155,1
901.7606341766806,143006.51182669983,240,1,214.57258933501845,76.15747432323147,1
388.28429167279273,140607.20918588515,407,0,190.68975363550268,45.54990493956574,1
836.9999285078388,190060.72493324944,339,0,478.67972346355816,66.12882996683726,1
404.6308262607928,24603.79430247107,424,1,402.3948836331056,75.35432386333491,1
192.6921097443777,23851.348719901667,62,1,165.26298467277306,51.619216152802395,1
388.85382407240655,162661.7212264081,169,1,151.4298059448803,41.10134606119085,1
645.7688685876983,170023.8418053501,450,0,129.15513191384096,41.68345891069364,1
332.43386226998246,89063.07133350754,330,1,114.2253549554427,75.98957266773431,1
886.8934480991011,96249.90114058784,103,1,327.61814761342987,66.31392301691014,1
543.6968092386405,54584.15393741138,102,1,162.7358064982143,68.16444654769074,1
251.96063907030643,184190.42123344366,313,1,215.68667468376697,47.9312072263189,1
899.6933442633905,166517.8371192214,176,0,153.9848475203401,60.12233187168344,1
237.33601458455985,45917.50969823103,398,1,364.6433914540748,69.67428814879673,1
911.367717037247,120820.63838447862,313,0,186.67610449523727,87.02242528680863,1
220.30814229570046,186868.60069155358,170,0,86.71671415445812,68.24921788376268,1
886.5657844867238,118643.7410853592,387,0,472.91731298762016,61.11922610921529,1
470.7166121953751,187901.0192541398,228,0,80.11077364038042,42.11458746113406,1
629.9346933476736,186732.48343330066,266,1,346.0276795705598,46.955792444554376,1
366.0966761863913,176347.13304499706,150,0,157.25871891895642,46.4800325597721,1
724.6919967022494,189356.6380190098,250,0,250.81813872878502,71.71698698556021,1
999.546310983286,29913.532349538702,353,0,262.69054421234557,61.63645680098523,1
539.0446643853999,49687.71756098111,276,1,26.36859454116693,82.94783427103147,1
308.1195500048158,114893.17928414179,149,0,366.83556289000194,58.55808073928709,1
889.2987001794542,148794.30858217014,149,0,383.16094159098157,41.79693374607767,1
485.5242007681039,186853.38649013307,341,1,375.1208614552243,88.72959056676649,1
194.3688346882259,139616.83731905598,359,1,300.108246302993,44.26706682421624,1
186.55590908689857,136704.66550467513,98,1,396.45728409315944,67.19028639331187,1
234.88679796575144,140728.44432884263,62,0,457.7576338145072,81.91326797728524,1
752.9755220242822,190280.7316079148,212,0,374.69520190386197,56.51213896682027,1
920.1560028334105,60668.287365775745,78,0,441.88233433412114,42.08284091913412,1
488.0004426532307,154838.71608416835,168,1,151.94499915195777,50.9902674411595,1
261.79052687892124,172854.61637269362,230,1,390.8251505846206,80.35777686824413,1
252.1761447524898,60460.73826213516,273,0,187.35676010878672,76.95132788939793,1
339.77387767941684,131953.3921825175,61,1,294.84394336048695,73.1503673070888,1
616.1247307663059,177058.47182081308,356,0,284.80754440140936,81.48815601438224,1
665.2245801934578,65317.40707918401,94,1,97.35569818977243,84.97276062730508,1
753.6151170283559,188101.90325122094,275,1,249.86541871008347,42.98582444854446,1
720.8959393141254,120619.66435596392,153,0,138.60041944656544,66.53686776434179,1
703.3137348503617,132472.32320104528,337,1,394.0408049054321,50.24906047634082,1
766.7831202332535,127749.56857228694,490,1,427.41735854095134,55.75735195662766,1
384.8017262288801,196514.1315319651,409,1,209.37871041032287,73.70651477680315,1
370.9192323564079,75586.51961389999,101,1,162.98964019392469,63.49941340789683,1
906.6199667866124,144467.05655083022,291,1,94.96894603251091,40.392079538595844,1
686.2835216947889,95057.95082797948,103,0,480.018707501966,66.482986197281,1
355.6092999959558,105114.67851939444,326,1,61.21362853744313,53.7351907523946,1
835.9206672513945,97336.32537650563,251,1,230.5876010494979,42.194997132150256,1
290.88731284713253,94652.91136095928,477,0,48.7400386133474,82.18248320259119,1
984.0136497894985,160697.1460593805,60,0,139.93913690059657,88.03134877565998,1
317.38684878541414,190771.66396874812,97,1,363.06833272937314,89.0571865895911,1
634.108812632038,59312.93880345716,138,1,306.9414443049233,43.65407810135075,1
678.9917749246591,196423.78898483596,309,1,401.48268023698205,85.39493968898097,1
952.1463538971877,192425.76483703498,294,1,489.2212562959642,77.86551035672194,1
287.4207208014176,100611.02022891429,401,1,142.4866500140646,72.03075917744437,1
716.6104071896264,40912.95132362752,137,1,391.5227827148386,64.9447832267971,1
160.2876492596913,11717.309125065514,150,1,464.94218250509647,51.43383898018044,1
689.2091355409341,52194.41543173091,301,1,427.81999256070486,76.44307211349735,1
231.08938571622903,91453.38398742239,426,0,253.42281963642927,73.1217005850534,1
250.72723005842883,64888.13839274148,297,0,461.77723671162363,89.66275077114821,1
188.17460414627348,154591.5054641245,290,0,211.41763845900303,77.71324866735114,1
930.6624673235973,190676.4329554842,140,1,194.63255066773883,79.37745429293896,1
363.35117577295523,117174.06547836837,140,1,336.89976001124114,52.019945644675346,1
312.8540038746019,184465.42646833305,165,0,265.33000617409255,51.04263914815044,1
183.09046882681733,16843.575475371013,450,1,436.7159183903501,54.12393719885134,1
957.8902949890014,120508.23566794678,188,1,300.54219646799095,65.83491926131339,1
794.9598156937263,63674.25253484193,237,0,449.6947937032941,87.32282565752027,1
908.6744933635033,89695.11885188958,181,0,251.25947331802192,64.87699260730511,1
323.9780926986914,122314.75761911813,90,1,182.49323205691704,82.75151008099675,1
326.01443782922695,23520.074182952234,373,1,471.87264723897624,65.34602189809173,1
498.00026104446556,164066.9303915045,89,0,182.7907407299122,74.68090287368976,1
805.4543934741035,134383.63050453138,372,1,441.0444646706021,66.95472763680044,1
390.1015624145032,90793.35523316184,118,0,85.73673058064834,78.27733752579304,1
150.00988954206122,89147.50741163551,103,1,50.951349500461845,88.65390814861664,1
342.20653156222113,67797.75673089336,366,1,134.4479145057412,40.07369110431557,1
769.9430749747969,193700.64496186422,87,0,339.94741610662567,77.09481634793576,1
871.1615722269461,90299.54743258574,355,1,179.51518866093977,75.63106665492563,1
844.2625465297906,44506.653873754505,431,1,453.4215934558463,80.33467598473696,1
987.1296423481044,153307.16933959533,262,1,305.5529711474529,73.05071271236602,1
216.68744386955535,113454.42222973437,251,1,104.47761940050368,79.03158587127785,1
646.2068634369948,190922.13928254298,59,1,151.02991533884682,70.0776939649912,1
402.0759253750411,145740.59117353603,454,0,73.69508293157537,65.69272321033839,1
582.5569722523975,80163.3463409528,432,1,100.53687677662411,49.009787706407394,1
233.4997433607184,162668.4406026375,456,1,371.2660042865128,83.08454518936726,1
382.9608509408623,163343.47173467357,122,0,126.36184028845253,73.25730971192027,1
283.727338001554,32586.134323643677,98,1,343.75125983345936,61.766211072761806,1
616.9133057580884,69276.9638620195,320,1,398.4476848240025,76.72219660377957,1
476.70178274551466,14786.748652253578,421,0,30.423542140684976,75.18498898145255,1
974.7185432671484,93155.65234815866,437,1,359.8137297706063,80.85640710077925,1
614.4657686661702,193736.70229866778,388,0,264.7779091946509,75.9226973661275,1
883.2444004768021,44058.56626248011,369,1,287.53586096630903,59.82768409949816,1
261.95777429222954,174406.19419269337,197,0,172.14923312432214,54.502276598121846,1
890.7019290622261,137813.56889969064,377,0,173.61000140618674,86.76485492726638,1
873.0782215141193,196562.08263454243,228,1,142.5672847416957,48.14075248384319,1
308.8772745171924,13761.175085978333,102,0,115.92814823728268,60.58277302283512,1
944.7452670629506,91802.63980636609,461,1,312.61476414254133,52.3565777330696,1
452.4765453703297,25944.711806071587,68,1,182.9166746456382,42.82928280733578,1
467.8328899608916,189445.23071191765,190,1,343.9525956169233,71.61410768188199,1
319.1433181155213,89483.43417943323,359,0,73.15212633775059,53.892638804485614,1
384.8712421959756,92083.59624295613,106,1,57.06370967481542,65.93504971902975,1
302.4599797103789,194428.54362785138,374,1,216.71047612175585,76.89424924173031,1
748.8712638233285,90318.44100984713,268,0,213.8658798126135,53.213813157931966,1
324.53299790077983,101777.5425361891,257,1,161.54429082619382,72.83780317372785,1
973.2567319449083,124691.06810628127,344,0,60.90221658068182,87.5711610422783,1
402.69717176123356,27492.727355670333,157,0,321.2331696878764,72.42524100593441,1
377.2917236789101,12871.030000750256,372,1,144.17419670327368,73.80131440262738,1
750.6353893969032,125901.40924510229,282,0,153.77072053793123,69.88341413513515,1
886.1812885699378,189879.40849544515,203,0,98.54359098391693,87.23681293915399,1
776.0549440845737,177768.8267176569,428,1,304.1032887769659,75.05697972087368,1
728.0951026299267,87548.82126467265,418,0,301.889876982025,52.65507695898044,1
532.7161092214568,191940.3928659253,469,0,423.9057631656027,49.42703028746256,1
721.5914233212745,195631.32134339926,194,1,28.951972557916207,61.67913963163072,1
228.73166059366213,152193.02643848397,176,0,231.15996203666046,52.93558210777205,1
519.2428211556182,147455.08539150018,459,0,304.99064500523116,70.66458424436895,1
692.0350098615452,55984.19519636667,261,0,68.4109560075938,49.96351682334004,1
895.8495396563096,150357.3986380476,96,1,142.9787236756551,50.720324149658225,1
380.1853788314267,57036.35635317842,345,0,242.99674538348967,76.63667373930826,1
665.7219660098209,137845.61703363515,387,1,476.95808733397394,81.92459169215124,1
834.3267707213133,166366.92295793584,492,0,283.5206339040064,50.0141008933813,1
674.26606667466,151147.4837969084,425,0,272.6882864792681,43.42293596667891,1
465.4459976656087,184945.6556080379,439,0,280.70767304646387,53.44267571910967,1
463.1815819290921,180115.75693910217,186,1,399.0088377073581,62.717271153382754,1
685.7101365377342,57192.88566120943,237,1,228.11063350908523,62.127275740737275,1
701.9239758903494,187893.31807909606,141,1,416.75303773982864,54.61915552060965,1
527.3315363304212,14163.532467251702,309,1,263.749840249312,42.80880386737195,1
567.4313699756904,186151.0194831012,256,0,388.1093458358646,60.48355266879963,1
706.8976573456873,59444.953617193576,87,0,101.21974177883256,43.52459728215723,1
307.7996991660566,136201.68314790397,158,0,350.43879719037994,45.521593170555136,1
395.8093293515574,68863.30631126912,493,0,269.6276883621185,66.77769074398363,1
453.3530788954437,77219.94015992284,101,1,399.9141029518507,55.38979158403728,1
926.7201772922704,191034.85323047615,85,1,193.35185067670105,65.28170767109793,1
949.9526906536225,176500.6922970392,262,0,211.5471030539227,67.6685594874886,1
577.662601668809,46833.98290800961,167,0,346.54687192349775,81.89541874259018,1
879.9496374470514,152187.61219649055,362,0,315.00970863232664,48.01827030598716,1
722.5986048536715,44058.11859046334,95,1,134.05912635813513,45.877565007510995,1
290.4918166215138,10378.505691623352,499,0,372.89049830273007,65.74666749566298,1
287.15838089707614,25875.324127031054,258,1,103.73038405847984,84.54277674915733,1
355.3063154464295,77311.55217127097,164,1,81.24714360856764,50.594716522005456,1
414.35212052277825,41716.90345532528,96,1,152.11037945931105,56.78369165195298,1
786.9818848809851,118663.31873161414,412,0,221.99951780954873,77.69325369184625,1
890.7481581700538,139005.91367722797,473,0,382.95744960423264,50.18335688863424,1
428.4193404031125,113870.19846886487,434,1,35.51720084949899,87.25570943780043,1
742.1331805347814,104183.71254405931,366,0,233.57039349414353,89.0217785135186,1
585.4420436569624,31714.296299616097,331,0,347.47641941197423,78.64933606527933,1
958.7257244168289,157532.96750369345,111,0,432.22172862139945,73.66232196772657,1
496.90119830203463,178267.7552059369,465,1,145.30438217328967,40.49893883292247,1
764.9271130016751,111774.75387603993,370,0,415.1594723778298,82.16630838939416,1
562.3304609826091,73389.39520900448,282,0,239.3647036888961,49.17210982017173,1
876.7279166272532,177686.376586746,436,0,60.957370472149044,59.39130449584656,1
833.0070105432128,181337.06542378344,97,1,56.81246571200397,83.86752265664194,1
480.994198132044,112934.58321083702,341,0,56.618245759255856,72.41590037260478,1
212.98960918863702,81339.09640863507,94,1,230.89931055892635,89.85911769514752,1
625.2003922046118,71020.80900083116,388,0,191.49725378592686,58.62666368797754,1
208.40662606536682,80219.0978910869,109,1,46.52665750642494,57.49724697648199,1
939.8951419227506,82053.0420642853,435,1,425.10461475621867,58.66205781896169,1
687.1903783367607,28120.60443188114,256,1,56.57007974372925,78.32575247662923,1
646.1565495716593,158572.39566001223,478,1,406.42598417997266,65.90040332023125,1
269.2758404644877,137519.91994214084,241,1,377.5702639195664,48.49405030253676,1
315.7289199152458,179177.8082716724,462,1,456.40853213265336,77.93576605819604,1
657.5820100917565,134285.220035296,341,1,299.93320839317175,71.61956621641937,1
283.0052086030605,100045.03182205952,318,0,153.69778170027357,50.112709026226746,1
416.75278699075324,55885.11931863835,492,1,226.8041503623413,85.3919256941767,1
581.0006997279106,45704.87235491138,130,1,355.6741689405145,59.13993822181939,1
848.5563045975554,135307.04604174633,273,0,154.17436872376317,74.6179461230529,1
374.45268698966095,188423.0110955554,271,0,179.14310508328748,53.47559311461363,1
312.287597310897,141981.7821898083,318,0,307.7690513155573,53.23175134626787,1
712.6736030747883,164838.54842270244,437,1,386.4043821921213,49.3861202846126,1
225.12720493684088,142800.27741260326,253,0,230.36445754158996,41.55745463966955,1
370.63998188379185,16398.516736148165,454,1,140.61342452880197,67.8668584786504,1
183.13242256196085,136701.00434807502,439,0,451.5116138048913,84.4059094467018,1
426.4970256074856,181182.5701811889,153,0,417.07244045887535,82.24356738776146,1
361.6574256927264,119573.4557829737,305,1,70.08601999029311,89.94463060166453,1
427.6433620120243,152154.9432892808,110,1,27.71632614637491,63.29128766115623,1
635.4879538290069,67765.75176511993,318,0,481.55072246232845,84.58554326013729,1
871.8021546764486,87142.24232416102,463,0,63.10556706646418,55.60981841088018,1
163.38147604632545,13258.458563887642,457,1,360.42528850655066,55.44779950340764,1
262.7478909608102,107210.78640006465,491,0,470.7465283326184,60.74075596944736,1
491.98471195173283,84212.78544053862,117,0,328.2030639011176,76.65018098141766,1
724.7065879500467,36302.74373258492,202,1,295.5051299818206,83.42053939706909,1
472.25850961929996,80582.3292952925,77,0,325.7095104122687,63.46426136628952,1
526.600457980858,103888.05742119771,295,0,244.05427809560726,86.99658959849111,1
578.4031990568772,190348.13170436936,238,1,197.15487824251883,83.18207106483081,1
243.55379157094794,185758.96331517276,477,0,50.83560554809782,72.21283618254057,1
978.1105060230427,23262.124376779495,455,0,380.2023161357019,80.51292933497658,1
501.75334552267645,48791.64624196617,455,1,300.3699246211818,62.64555351338054,1
956.4327358772543,21514.93246583286,483,1,36.858955507027154,48.57170883552713,1
535.542149934409,96425.76413254497,69,1,457.3511915621844,71.95160794574605,1
960.5048331737825,177506.97157681955,371,0,421.05117668644294,72.12888051618171,1
216.7741562851681,150707.29741930688,413,1,307.1893207706134,75.13201029291145,1
206.54846697922696,53850.98424604104,258,1,317.7493838106258,52.31430094052658,1
737.0778054758056,123387.51979272102,94,0,445.8943817737739,49.83267924764793,1
776.8121729050756,64438.71429615336,122,0,120.26266447650158,50.811350456388986,1
737.5300379785593,124577.51546012383,362,1,471.86731735251294,78.7955766403653,1
258.7463858350157,76026.3456607844,358,0,213.08175465511232,73.46543045809396,1
908.1091377680782,68149.77806932971,60,1,58.74157229590101,50.53965507750143,1
344.9609104820215,99130.37009903995,407,1,72.96460073843652,48.37455445470539,1
275.18422901927727,194884.59160333668,175,0,484.68669600304196,61.987024325395424,1
386.6132094132581,161675.70746974548,159,1,167.20710251004044,51.62529961039156,1
260.2271314906001,58727.981593185534,98,1,345.1472488692219,43.12824211097258,1
328.9308987155415,163714.4916554185,272,1,187.75644459819773,83.23294609290701,1
281.6865144719262,25719.99876745608,179,0,168.64926785730478,68.1704182241927,1
833.2341569109539,36058.2127490212,315,1,169.22137061832413,55.58449142575208,1
152.6697701409038,43106.24631262211,392,0,234.82958352791087,89.2117249617217,1
486.35176903772367,145885.42640824584,230,1,197.8095795419434,49.53629937954473,1
445.00301322448576,113975.1288799222,473,0,434.54641248763966,55.693774836123524,1
607.3192995593175,169620.534903448,386,1,447.5216727457875,58.57336313121884,1
315.89153963585284,102984.58210725186,257,0,258.9703086078164,64.15904316568343,1
862.4958579195305,78666.7180227654,276,1,218.2322804520687,56.41165528391697,1
535.8914245197441,154864.922148225,367,1,118.29912753920826,87.5722412831546,1
299.1678832741538,117868.19040690036,237,1,438.0628891755193,60.138791661644994,1
974.7000427526452,187141.32406348674,382,1,157.7225449836342,46.58267943966292,1
876.4979325792178,41407.43436621264,461,0,111.84794543768813,81.28554757803334,1
392.8514325117568,186153.51855424538,249,0,296.34872322012126,47.15005613328632,1
468.36600687264405,161569.13003616067,436,1,66.33317869382466,67.8392455464094,1
868.3527237716296,161226.01355726545,239,1,344.56319184592166,51.025213171782354,1
335.47640436934637,176073.63692798518,432,1,382.04618171088663,71.17389152596482,1
660.2392414488314,20167.747953478225,254,0,97.22306952663361,62.91617972937877,1
448.5364792464637,27817.539988833134,107,1,462.3513339127518,42.00295595253473,1
397.7417764697248,49432.77787908366,160,0,305.22524433085914,40.321760574839786,1
806.6388431674934,143472.7849018091,424,1,386.20154804917405,65.6461082387383,1
748.4707806231382,187682.69647803373,270,1,418.0876998301723,48.53541816562401,1
175.89413336261612,48845.19076821188,104,0,267.5258597932909,70.75645702706,1
924.0148596322584,106872.26181458696,102,0,322.5031170366927,53.92353644637762,1
875.0346960310028,186392.86607089842,416,0,403.10351615295957,77.68670352140023,1
333.17564503741835,73841.34120812066,189,0,392.3559976965686,85.74829325389842,1
310.7682350195369,185249.82208731954,317,0,315.1160970753933,49.99206356409697,1
197.19627788777797,118008.33071650859,400,0,125.12118844347691,67.82281029127282,1
878.0193923481876,168662.5296364538,105,1,198.7957595395182,55.90247862754593,1
787.0121050836874,91911.35696843095,249,0,159.33053706848736,60.92911427657445,1
398.63896165481424,73119.0584799911,499,0,44.712104411962734,71.85473504122213,1
657.6985573004489,134142.8647109493,233,1,165.4359072659305,70.98079634724611,1
659.6834331909331,106202.75877731088,263,1,458.6422272679777,56.98851211494219,1
537.2762829716639,138841.62788129965,154,1,320.7775319511538,89.50544230434329,1
415.09752039916646,74594.65412071715,409,1,235.3291148582753,53.05242631174241,1
441.8786968509976,168568.64014856925,496,1,113.22320920246317,58.625446577673294,1
939.335977798085,21743.6075309523,186,0,102.32571987295894,69.76064170634373,1
277.90143035509783,193934.51247563938,74,0,263.221031166329,52.332930790270325,1
550.3162145695235,135763.59020103217,331,1,383.0873392872087,68.89455563470442,1
918.7058087447787,165307.49098816077,491,0,51.41262279821879,40.343898110982465,1
330.580185616152,136069.48284355592,331,0,216.14297316717307,84.2293444114807,1
911.2284209120629,182743.3001701813,136,1,353.25151105114935,53.58165906371848,1
312.0183581132823,45080.16689600015,427,0,229.2298693954153,81.54745855275343,1
251.90742945180529,149635.9110050299,421,1,349.02275174177663,87.4949834123038,1
266.526039366943,149437.79485248285,74,0,302.21239257884736,59.50601173441696,1
451.8619005907407,18597.345913588695,413,0,32.209019086242776,69.07085527910102,1
239.97525049622251,175873.68486564606,409,0,357.35270680288653,60.542854592024824,1
626.4928376508914,189105.2436236598,249,0,145.62044166375568,78.99941634552721,1
233.92662585026596,24375.60974178106,86,1,68.77978027440534,69.25392211031016,1
342.33396319410986,180182.61300788075,51,0,357.35997289725117,70.8472013692251,1
883.9458707902438,52381.79169312381,472,1,400.0088417514249,77.40804131938427,1
627.0673263636854,56786.39058441402,269,1,401.9460609059308,41.58892421786622,1
814.7431538741945,55613.44069263763,211,0,79.95812613564352,41.36250059754076,1
595.048512438235,51469.375811808604,150,0,297.85745903929774,46.89426346780052,1
735.4481596896605,180571.2776368478,384,0,61.30893399373764,84.79420905963298,1
824.83997798097,40077.74102006672,322,0,289.7225232742965,47.80179056699885,1
859.4023097059812,78083.58476761801,478,1,293.70188176697775,49.13361921198341,1
268.65903725583007,119529.76313597325,332,0,243.08391106117344,55.16429454246415,1
942.6716466564153,32542.31549090026,107,0,224.86157083881474,70.08410820091481,1
946.5426031817254,69242.40602159605,439,1,335.72607328589675,70.96195160267908,1
432.29331581190587,186339.34874685944,62,0,223.3918230130725,45.81792425822479,1
670.8764602060338,188311.61006068936,468,0,332.91205125649606,51.574004795649415,1
729.1500612551465,188634.8063378957,93,1,176.8347262637297,61.90883583331777,1
914.3713050859861,192829.67485573978,404,1,381.2634957675408,66.58305118822415,1
607.11549453017,62838.907862607724,288,1,111.34496192824692,47.840635265840284,1
853.206827276659,17963.89117608893,478,1,104.89673648909614,83.9665107839237,1
623.4844362837798,53962.32091160113,329,0,372.45602085898,87.9059004459717,1
337.3791036086061,178374.53670457558,413,0,205.31796311454337,55.82933799543255,1
392.84465493804987,27361.079923477748,279,1,45.44989128994257,79.04819318222177,1
488.49362486430994,94341.7281407832,431,0,337.57611733407987,40.402955167105986,1
951.6985995170922,55057.44853576513,157,1,389.86088473091905,65.02386579333591,1
518.7049811153149,57405.58513972093,427,1,155.33268747122904,85.07915026435339,1
332.92380777321387,178027.47858659318,496,0,418.5318636002395,75.64229979304775,1
742.1908447212363,71625.70346206058,386,0,125.17095814837437,82.85958285297943,1
847.3627972201671,93708.97032233838,242,1,206.56981968929273,70.96717270684557,1
536.2426813079599,158235.96101176905,442,1,115.787742013226,62.98254098297862,1
516.3363166326988,67853.58122230065,378,0,56.20375533258813,84.35596586118493,1
506.87139303336994,104410.14851500929,264,1,393.73797682007523,46.52506320585921,1
630.606972466581,94027.93253871624,123,1,369.01046011567587,74.5202860955536,1
439.46311015791235,162943.10877585836,74,1,100.82182818027944,56.781163648895586,1
215.28632490888907,54648.9127315914,134,0,475.41948045028767,55.23011778870952,1
374.8384333905125,63179.60392682111,307,1,42.06683653833717,86.34581731655541,1
331.64342033477914,89800.77407546694,292,1,432.52866818465213,76.55786722274587,1
954.7426298976477,158506.94104731584,480,0,44.12255142938525,69.41761104915767,1
488.0317522680965,195022.0785378584,179,1,155.73861099257894,75.47194323169873,1
380.76820216130466,181806.22536743738,416,0,286.18756731869746,42.52865519121144,1
512.2030522593961,168149.07253558905,66,0,131.55131545542497,51.303953550528135,1
844.7095153812512,186775.69983217184,257,1,238.777853727457,56.87271394821145,1
890.0851871388235,25869.733789203565,449,1,382.4224603535848,42.56469244906078,1
568.6550736071458,94000.3365891468,244,0,212.42184977648878,66.49702934651165,1
287.16225463012563,118679.21687388263,113,0,386.07644165032553,47.69499523468868,1
276.8620492802528,60953.12987153353,213,1,219.01640116902922,73.98486084166726,1
198.1783673409601,16587.813802952613,94,0,356.1527537655407,49.67176714782413,1
695.278809067814,59367.3462086569,71,1,450.45272352664284,54.86436021406632,1
345.49469086875445,88147.75469258394,119,1,344.3823255635592,81.30323422741428,1
722.1283112745344,166626.5849773764,387,0,99.25056108670891,76.89754736987962,1
456.4033293703208,137541.45679353518,349,1,39.26013277080914,62.22641265250798,1
578.9261709165412,32283.22808208456,208,1,386.79604120148974,65.35412120301334,1
692.2165933700173,197183.16546722822,337,1,231.32171161707842,62.32209608982744,1
675.9562654848543,136419.38959959184,401,1,331.30908083711546,41.176624720704936,1
515.1794343123174,62998.234453960584,444,0,72.28459358416819,70.15960828073338,1
595.06046507972,58180.982229310146,258,0,258.81034971164394,49.75044902193079,1
704.279102599403,158374.67771335717,248,1,311.17316958414114,65.58192912595071,1
201.85607155458567,64687.94678180511,355,0,482.816001417275,46.754007311288035,1
279.0090983734367,179019.55748279352,231,1,388.7687936365822,40.270246183633496,1
151.14433031307914,81839.14625961565,333,0,33.73341752200871,63.20333447022523,1
951.6026127959258,71525.71923146196,410,1,128.88909723060613,42.997165043065415,1
261.327681545048,125139.42378149484,291,0,78.88438812436044,89.84546092946778,1
305.93454097769495,122886.95392372693,61,1,85.03355064269188,41.39219537887067,1
679.3224399489083,163283.93711993395,225,1,254.28889971154388,78.87277335911928,1
721.9200634652631,147608.3602248353,460,1,340.3166255550444,88.26513618151999,1
192.85425756187783,179173.02096250057,205,1,292.86179420892125,65.01392676038802,1
208.98497301855588,27076.601829870528,195,1,186.95532143189018,85.86340332888403,1
495.60195675555144,37223.47715350181,85,0,164.34287518447968,66.27351536779466,1
743.1578676793945,181050.18112839336,266,1,346.27150723954395,73.98165911975718,1
954.0359474272735,66206.57852434185,414,0,63.79195603354572,86.21435353973305,1
426.94994165491204,34277.184030098186,280,0,45.173206896853245,74.23130971324832,1
917.2996838785527,169079.97135631667,366,0,84.97879012617264,80.6717241162132,1
935.6161334126485,97527.26766836294,93,1,176.1744696582198,84.7132559128207,1
698.1674694985026,64767.79966180001,255,0,448.3200347052111,40.681701195291076,1
424.3175868176426,115327.76943111012,159,1,68.74690824480516,80.763816554528,1
910.2437303512312,166485.219951656,182,0,287.72818625272646,80.6129060495171,1
476.4362426324354,136590.89368101733,374,1,132.22066882358553,59.49498731455403,1
558.0402707135728,36222.94253380983,145,0,419.11836150277156,88.8397186413793,1
494.0163042552099,26653.468876984123,65,0,448.3761480211419,63.190712486384,1
422.02321907803315,100527.6415354859,178,0,257.2919932711195,82.97781984589685,1
