domain,label
google.com,0
api.google.com,0
cdn.google.com,0
login.google.com,0
mail.google.com,0
support.google.com,0
youtube.com,0
api.youtube.com,0
cdn.youtube.com,0
login.youtube.com,0
mail.youtube.com,0
support.youtube.com,0
facebook.com,0
api.facebook.com,0
cdn.facebook.com,0
login.facebook.com,0
mail.facebook.com,0
support.facebook.com,0
wikipedia.org,0
api.wikipedia.org,0
cdn.wikipedia.org,0
login.wikipedia.org,0
mail.wikipedia.org,0
support.wikipedia.org,0
yahoo.com,0
api.yahoo.com,0
cdn.yahoo.com,0
login.yahoo.com,0
mail.yahoo.com,0
support.yahoo.com,0
amazon.com,0
api.amazon.com,0
cdn.amazon.com,0
login.amazon.com,0
mail.amazon.com,0
support.amazon.com,0
reddit.com,0
api.reddit.com,0
cdn.reddit.com,0
login.reddit.com,0
mail.reddit.com,0
support.reddit.com,0
twitter.com,0
api.twitter.com,0
cdn.twitter.com,0
login.twitter.com,0
mail.twitter.com,0
support.twitter.com,0
instagram.com,0
api.instagram.com,0
cdn.instagram.com,0
login.instagram.com,0
mail.instagram.com,0
support.instagram.com,0
linkedin.com,0
api.linkedin.com,0
cdn.linkedin.com,0
login.linkedin.com,0
mail.linkedin.com,0
support.linkedin.com,0
github.com,0
api.github.com,0
cdn.github.com,0
login.github.com,0
mail.github.com,0
support.github.com,0
microsoft.com,0
api.microsoft.com,0
cdn.microsoft.com,0
login.microsoft.com,0
mail.microsoft.com,0
support.microsoft.com,0
apple.com,0
api.apple.com,0
cdn.apple.com,0
login.apple.com,0
mail.apple.com,0
support.apple.com,0
netflix.com,0
api.netflix.com,0
cdn.netflix.com,0
login.netflix.com,0
mail.netflix.com,0
support.netflix.com,0
spotify.com,0
api.spotify.com,0
cdn.spotify.com,0
login.spotify.com,0
mail.spotify.com,0
support.spotify.com,0
cnn.com,0
api.cnn.com,0
cdn.cnn.com,0
login.cnn.com,0
mail.cnn.com,0
support.cnn.com,0
nytimes.com,0
api.nytimes.com,0
cdn.nytimes.com,0
login.nytimes.com,0
mail.nytimes.com,0
support.nytimes.com,0
bbc.co.uk,0
api.bbc.co.uk,0
cdn.bbc.co.uk,0
login.bbc.co.uk,0
mail.bbc.co.uk,0
support.bbc.co.uk,0
medium.com,0
api.medium.com,0
cdn.medium.com,0
login.medium.com,0
mail.medium.com,0
support.medium.com,0
stackoverflow.com,0
api.stackoverflow.com,0
cdn.stackoverflow.com,0
login.stackoverflow.com,0
mail.stackoverflow.com,0
support.stackoverflow.com,0
cloudflare.com,0
api.cloudflare.com,0
cdn.cloudflare.com,0
login.cloudflare.com,0
mail.cloudflare.com,0
support.cloudflare.com,0
dropbox.com,0
api.dropbox.com,0
cdn.dropbox.com,0
login.dropbox.com,0
mail.dropbox.com,0
support.dropbox.com,0
salesforce.com,0
api.salesforce.com,0
cdn.salesforce.com,0
login.salesforce.com,0
mail.salesforce.com,0
support.salesforce.com,0
wordpress.org,0
api.wordpress.org,0
cdn.wordpress.org,0
login.wordpress.org,0
mail.wordpress.org,0
support.wordpress.org,0
adobe.com,0
api.adobe.com,0
cdn.adobe.com,0
login.adobe.com,0
mail.adobe.com,0
support.adobe.com,0
weather.com,0
api.weather.com,0
cdn.weather.com,0
login.weather.com,0
mail.weather.com,0
support.weather.com,0
craigslist.org,0
api.craigslist.org,0
cdn.craigslist.org,0
login.craigslist.org,0
mail.craigslist.org,0
support.craigslist.org,0
twitch.tv,0
api.twitch.tv,0
cdn.twitch.tv,0
login.twitch.tv,0
mail.twitch.tv,0
support.twitch.tv,0
paypal.com,0
api.paypal.com,0
cdn.paypal.com,0
login.paypal.com,0
mail.paypal.com,0
support.paypal.com,0
ebay.com,0
api.ebay.com,0
cdn.ebay.com,0
login.ebay.com,0
mail.ebay.com,0
support.ebay.com,0
office.com,0
api.office.com,0
cdn.office.com,0
login.office.com,0
mail.office.com,0
support.office.com,0
bing.com,0
api.bing.com,0
cdn.bing.com,0
login.bing.com,0
mail.bing.com,0
support.bing.com,0
pinterest.com,0
api.pinterest.com,0
cdn.pinterest.com,0
login.pinterest.com,0
mail.pinterest.com,0
support.pinterest.com,0
imdb.com,0
api.imdb.com,0
cdn.imdb.com,0
login.imdb.com,0
mail.imdb.com,0
support.imdb.com,0
walmart.com,0
api.walmart.com,0
cdn.walmart.com,0
login.walmart.com,0
mail.walmart.com,0
support.walmart.com,0
target.com,0
api.target.com,0
cdn.target.com,0
login.target.com,0
mail.target.com,0
support.target.com,0
espn.com,0
api.espn.com,0
cdn.espn.com,0
login.espn.com,0
mail.espn.com,0
support.espn.com,0
hulu.com,0
api.hulu.com,0
cdn.hulu.com,0
login.hulu.com,0
mail.hulu.com,0
support.hulu.com,0
zoom.us,0
api.zoom.us,0
cdn.zoom.us,0
login.zoom.us,0
mail.zoom.us,0
support.zoom.us,0
mozilla.org,0
api.mozilla.org,0
cdn.mozilla.org,0
login.mozilla.org,0
mail.mozilla.org,0
support.mozilla.org,0
x7k29a8d91b4.com,1
sub1.x7k29a8d91b4.com,1
auth.x7k29a8d91b4.com,1
bot.x7k29a8d91b4.com,1
q81m2k9x7a.net,1
sub1.q81m2k9x7a.net,1
auth.q81m2k9x7a.net,1
bot.q81m2k9x7a.net,1
a91kd82mx0.biz,1
sub1.a91kd82mx0.biz,1
auth.a91kd82mx0.biz,1
bot.a91kd82mx0.biz,1
v8x01ll9a2.info,1
sub1.v8x01ll9a2.info,1
auth.v8x01ll9a2.info,1
bot.v8x01ll9a2.info,1
kz891m2xaa09.org,1
sub1.kz891m2xaa09.org,1
auth.kz891m2xaa09.org,1
bot.kz891m2xaa09.org,1
plq98a12xz.cc,1
sub1.plq98a12xz.cc,1
auth.plq98a12xz.cc,1
bot.plq98a12xz.cc,1
m19028alxzq.ru,1
sub1.m19028alxzq.ru,1
auth.m19028alxzq.ru,1
bot.m19028alxzq.ru,1
b8871239aa.cn,1
sub1.b8871239aa.cn,1
auth.b8871239aa.cn,1
bot.b8871239aa.cn,1
cvb981249aa0.com,1
sub1.cvb981249aa0.com,1
auth.cvb981249aa0.com,1
bot.cvb981249aa0.com,1
zx981kllaa0.net,1
sub1.zx981kllaa0.net,1
auth.zx981kllaa0.net,1
bot.zx981kllaa0.net,1
198aazx9012.biz,1
sub1.198aazx9012.biz,1
auth.198aazx9012.biz,1
bot.198aazx9012.biz,1
mnbvcxza09.info,1
sub1.mnbvcxza09.info,1
auth.mnbvcxza09.info,1
bot.mnbvcxza09.info,1
kljashd8912.top,1
sub1.kljashd8912.top,1
auth.kljashd8912.top,1
bot.kljashd8912.top,1
poiuqwer0912.xyz,1
sub1.poiuqwer0912.xyz,1
auth.poiuqwer0912.xyz,1
bot.poiuqwer0912.xyz,1
asdfghjk981.club,1
sub1.asdfghjk981.club,1
auth.asdfghjk981.club,1
bot.asdfghjk981.club,1
zxcvbnm1209.vip,1
sub1.zxcvbnm1209.vip,1
auth.zxcvbnm1209.vip,1
bot.zxcvbnm1209.vip,1
qweasdzxc901.pro,1
sub1.qweasdzxc901.pro,1
auth.qweasdzxc901.pro,1
bot.qweasdzxc901.pro,1
1098234alskd.site,1
sub1.1098234alskd.site,1
auth.1098234alskd.site,1
bot.1098234alskd.site,1
lkjasd091823.online,1
sub1.lkjasd091823.online,1
auth.lkjasd091823.online,1
bot.lkjasd091823.online,1
mnbvcxz9812.fun,1
sub1.mnbvcxz9812.fun,1
auth.mnbvcxz9812.fun,1
bot.mnbvcxz9812.fun,1
jhgfdsa89123.tech,1
sub1.jhgfdsa89123.tech,1
auth.jhgfdsa89123.tech,1
bot.jhgfdsa89123.tech,1
poiuytre1092.space,1
sub1.poiuytre1092.space,1
auth.poiuytre1092.space,1
bot.poiuytre1092.space,1
zxcvbasd9812.icu,1
sub1.zxcvbasd9812.icu,1
auth.zxcvbasd9812.icu,1
bot.zxcvbasd9812.icu,1
qazwsxedc901.link,1
sub1.qazwsxedc901.link,1
auth.qazwsxedc901.link,1
bot.qazwsxedc901.link,1
rfvtgbyhn109.work,1
sub1.rfvtgbyhn109.work,1
auth.rfvtgbyhn109.work,1
bot.rfvtgbyhn109.work,1
ujmikolp9812.click,1
sub1.ujmikolp9812.click,1
auth.ujmikolp9812.click,1
bot.ujmikolp9812.click,1
1209384lasdk.bid,1
sub1.1209384lasdk.bid,1
auth.1209384lasdk.bid,1
bot.1209384lasdk.bid,1
0912384lasdk.loan,1
sub1.0912384lasdk.loan,1
auth.0912384lasdk.loan,1
bot.0912384lasdk.loan,1
kjahsd89123.trade,1
sub1.kjahsd89123.trade,1
auth.kjahsd89123.trade,1
bot.kjahsd89123.trade,1
lzkxjchv8912.date,1
sub1.lzkxjchv8912.date,1
auth.lzkxjchv8912.date,1
bot.lzkxjchv8912.date,1
qwpoieurytlkj.win,1
sub1.qwpoieurytlkj.win,1
auth.qwpoieurytlkj.win,1
bot.qwpoieurytlkj.win,1
alskdjfhgzmx.vip,1
sub1.alskdjfhgzmx.vip,1
auth.alskdjfhgzmx.vip,1
bot.alskdjfhgzmx.vip,1
zmxncbvlashd.biz,1
sub1.zmxncbvlashd.biz,1
auth.zmxncbvlashd.biz,1
bot.zmxncbvlashd.biz,1
qpwoeiruty10.org,1
sub1.qpwoeiruty10.org,1
auth.qpwoeiruty10.org,1
bot.qpwoeiruty10.org,1
0981234lasdk.net,1
sub1.0981234lasdk.net,1
auth.0981234lasdk.net,1
bot.0981234lasdk.net,1
mnbvcxzasdfg.com,1
sub1.mnbvcxzasdfg.com,1
auth.mnbvcxzasdfg.com,1
bot.mnbvcxzasdfg.com,1
