mean_length,length_variance,outbound_inbound_ratio,periodicity,suspicious_ja3,has_sni,label
873.8410968496765,36259.41977645789,0.7928742848452395,0.2954023514042075,0,1,0
933.2936679034979,10380.28989884254,1.1880214209196107,0.10269739852390321,0,1,0
1043.2765357068743,24167.196881012274,1.9898999138733255,0.037000175175585515,0,1,0
1024.2782901921269,35316.57800939704,1.5582477781223403,0.12301191819618254,0,1,0
793.6435915059205,40842.88338756688,0.5418285300796245,0.09041327871546084,0,1,0
840.8407626359459,28560.36107884351,0.6362986937845724,0.1192302602099291,0,1,0
622.2761305652524,39718.04278993195,1.3386116445686753,0.33296687336410113,0,1,0
1180.3784226512175,26337.39333223939,0.22671837467035283,0.019236924164814175,0,1,0
636.5320314172953,46964.50652086029,1.0941048044446622,0.10871460643205166,0,1,0
719.3334356088156,31936.779833210185,1.3406043504619003,0.061567803913162016,0,1,0
1181.6253412361407,29514.750214225496,0.3578078038053306,0.3574541013384535,0,1,0
459.710744863543,45848.09449298807,1.9934747469490666,0.28017271966260154,0,1,0
1016.3577768591919,20178.62764103689,1.8889960201944742,0.21188558644334707,0,1,0
985.9107572780439,46584.847216007576,1.9528419543534659,0.3332817426386698,0,1,0
642.414005585624,48494.63824484371,1.2934271093627865,0.372256990540784,0,1,0
940.8840206514815,18825.753283147424,0.8030465958713503,0.2201887108411762,0,1,0
1032.0118732479054,19309.214810315072,1.201489215654965,0.13824999743056063,0,1,0
1052.6155237080857,26002.76421955777,0.24577337102048194,0.06642100859261456,0,1,0
448.88373409570585,27468.632570644637,0.3020408649616316,0.04565598772385285,0,1,0
1152.8386080307016,44269.478247922496,0.9589645339415953,0.39432212834008235,0,1,0
400.1492225365305,32629.07553230272,1.2712135370065532,0.1829772223479553,0,1,0
717.5583783474342,25492.241096627342,0.8884248285513928,0.2921969909929198,0,1,0
508.28434797862724,13893.764926600858,0.44298463394560483,0.10498823404850582,0,1,0
820.2067350252667,10004.393630219842,1.749521661120358,0.11894461252338893,0,1,0
530.0303899749663,35402.95893192095,0.17236397113870663,0.2479874259496657,0,1,0
958.5587445411999,14671.243912402362,0.17973173954290517,0.14545814356777984,0,1,0
478.87538419354917,10241.503235300168,0.5830963397452427,0.11818716985070372,0,1,0
823.9762728171365,35527.63484763559,1.2262647876533512,0.05934413491580673,0,1,0
537.6688259621012,44544.61624068115,1.160869398621816,0.34797513315907563,0,1,0
697.2372090558995,32648.00033440957,1.0949604905037604,0.12764939592818503,0,1,0
775.9322976268763,27612.089457211943,0.4814648520376893,0.12600414895069265,0,1,0
1033.1278004055805,46210.47077543572,0.783608777736069,0.12278891288360727,0,1,0
556.157731657506,35532.10258927615,0.7138894331660408,0.39509981563967544,0,1,0
660.5478416511626,22736.122105218266,1.246334972802866,0.320673717276522,0,1,0
775.614932276507,24019.521520503124,1.9917118838301358,0.004197456455977778,0,1,0
1116.0522310809965,11711.337167288184,1.5932580247969355,0.24717262393851921,0,1,0
673.4778283984737,44324.372998445826,0.12452373316388476,0.09067626082996948,0,1,0
853.5142369996288,20819.401702236413,1.2597172411048225,0.00964407736346673,0,1,0
493.16714438537,10719.330809829766,0.4596389272404179,0.1837325763202171,0,1,0
1001.7029596348569,45749.24770680055,1.6872078075400676,0.07875514871027343,0,1,0
752.9204417845059,13973.521899134075,0.6024964516676624,0.20141879260475448,0,1,0
454.48721977881803,14817.844831697294,1.8772185064835227,0.1864465170633956,0,1,0
756.3092207822978,5655.5219638075505,0.570059519410857,0.34651697439287255,0,1,0
531.702742606935,23680.62227906245,0.12722872114730238,0.19133419266822235,0,1,0
416.8168853809737,41882.42988796099,1.667222158225497,0.315096875320948,0,1,0
626.6912551128946,42675.67481998181,1.1316964519500117,0.149523243546801,0,1,0
900.2639677633864,5555.347072716831,0.3716256674414291,0.2969174152681051,0,1,0
595.3292869729224,31910.410279793734,0.8316949453637563,0.3419223115197046,0,1,0
1161.932244797315,44760.412776658566,0.6141779899178336,0.0776651476184329,0,1,0
779.547914896588,5330.0367876281125,0.1490378464400453,0.22131625584920003,0,1,0
816.3595233322287,49756.1895065867,0.48349948719114033,0.10324157166418738,0,1,0
490.8325138610294,46289.43543441851,1.5778413644710565,0.328935644582739,0,1,0
1122.211030371607,28620.49940266272,0.9572670637563749,0.13215658946624662,0,1,0
871.3716914782844,25442.527855542012,0.9579746145505926,0.3747711454924556,0,1,0
1187.2252114233042,40841.79751983113,1.5378403714691637,0.2722232647116406,0,1,0
532.859881866811,7659.761939404454,1.4123799987152,0.2915144889026304,0,1,0
437.57839287851186,46762.328760298165,0.2731672149448873,0.11436021350848097,0,1,0
937.9118502389636,12644.266748201435,0.20529018804026442,0.13245859566565993,0,1,0
1012.7772598841433,23615.540554336716,1.3406485516250848,0.23184763889125468,0,1,0
417.77478562046434,49484.2994170568,0.17871336875683674,0.387121095059394,0,1,0
839.8913426915185,48342.15621792799,0.3180318388862874,0.1961634076742053,0,1,0
535.6032734928469,7293.869466009908,1.273305318618392,0.08311336838467659,0,1,0
870.1576146300367,10056.401687704354,0.7307742957221353,0.3126530232212989,0,1,0
749.6412174737502,33248.54367038014,1.3301700874165374,0.3375020175949175,0,1,0
659.9382355253131,35928.300316213295,1.9270700333877149,0.2920973337431472,0,1,0
791.8963813741957,33382.285002136814,1.5053975057499054,0.24491030627754898,0,1,0
413.3406507918713,13764.807395925163,1.6398896127093854,0.10906025892499388,0,1,0
985.2496956489072,21745.409685876442,1.091580223500092,0.027189319927761482,0,1,0
544.9804488397676,48073.863358365554,1.7912623015491367,0.2609100443596201,0,1,0
767.7156779085899,35409.25818028507,1.2753595492784842,0.22742090224184486,0,1,0
447.3416574908334,33476.11747976781,1.56094808468522,0.3976326618582302,0,1,0
408.86284207544776,37857.80539898045,1.186399700278363,0.1736208704323827,0,1,0
502.0561396570967,23408.83168856943,0.773316647673657,0.12113195559149688,0,1,0
984.7036986577662,36532.648457791875,1.219138172863732,0.3754659253173489,0,1,0
679.8835073446835,15971.08719695808,1.3462162948869592,0.07952562437496119,0,1,0
652.0084057467398,15107.109803369818,0.23139177866515234,0.33099949665426937,0,1,0
603.632434337329,26286.23765043593,0.1822990191831927,0.27973578650105724,0,1,0
664.4488018450327,38513.15275231445,0.8835658148889456,0.07830224256224985,0,1,0
810.5400658256287,10872.70518368479,0.93702440375869,0.12692219096819463,0,1,0
1129.5676673597065,7741.792477432398,1.4186330868009098,0.07310046639497436,0,1,0
655.2360594657919,23698.132837792968,1.825228669812451,0.09703130642953006,0,1,0
473.0470420357362,19341.03217957356,0.29888434401751335,0.051438594384221006,0,1,0
859.0804783800213,7740.5869894771995,0.15876867464777547,0.28576564058819914,0,1,0
689.3176758728356,10641.890715524298,0.5818642646334456,0.2568346029409596,0,1,0
620.429253712681,27253.450630418356,0.3312210827806773,0.2352374550421788,0,1,0
652.8621470746112,33213.57955379224,1.6359502763776435,0.24465856775599698,0,1,0
636.5980500760165,16508.466569673517,0.7220998215935511,0.06584820529460193,0,1,0
544.937480680016,40581.09958550755,0.8309918953641454,0.17439807222823434,0,1,0
875.239572453449,31534.407281819644,0.22801605589165888,0.33261631453506624,0,1,0
541.8612425791515,37538.2236222351,1.5680748774435165,0.2859598136365255,0,1,0
863.1821172433162,5657.4048698997285,0.7847134354900243,0.24193577174503247,0,1,0
709.961036738031,43856.595271076585,0.6867243231642691,0.11741391698346418,0,1,0
612.7981544741264,19975.139103235797,1.1590694321969557,0.28280611770903635,0,1,0
930.054334191028,41347.30189916658,1.7832365914451074,0.3264316169373405,0,1,0
415.15632269948367,38116.307909839496,0.49595918987483,0.053171217083193056,0,1,0
910.7910278393084,19388.44379334627,0.20852261040384218,0.05505189375934454,0,1,0
400.74353349596885,45645.06323051183,0.14677416929835332,0.08378230780380443,0,1,0
733.0102245503258,21045.70966778686,1.8322791661342739,0.016115578293816848,0,1,0
809.7717661416413,35621.57581359683,1.8702261499942208,0.24814850084948842,0,1,0
1043.0041888094102,8767.622203040679,0.8332850707801619,0.149578853791627,0,1,0
1109.030573164574,11811.702706847373,0.38858372743959746,0.1314232599543194,0,1,0
443.5728378934701,13210.611829362053,1.9338983132368968,0.17127357594686915,0,1,0
905.6153667379492,37675.006670508665,0.7972266733136809,0.05889082976420679,0,1,0
565.2648129774246,19096.991446127467,1.3085299986692287,0.15931221963562178,0,1,0
405.4517583201025,28553.323328036233,1.850875444624094,0.32483104440347166,0,1,0
1060.1690970077047,40777.610792275904,0.7150885686598049,0.3060775335017568,0,1,0
514.5290862489544,34597.22662741791,1.3189802767014893,0.010227919635893867,0,1,0
1030.3761068727454,45646.16472928088,0.6080890290970045,0.3249562896744604,0,1,0
465.92477748955855,31998.55362174797,1.0227290441351267,0.21836941332360002,0,1,0
1140.964161507476,44209.186126108405,1.5916589487555384,0.1094793830713484,0,1,0
1129.4549029488733,9387.846160874386,1.7213255114616968,0.13126402894144312,0,1,0
443.0178493295867,35121.064290833674,0.5394318638003154,0.09742845034585278,0,1,0
644.8377329830172,7865.8145376132525,0.4365415739766827,0.002055851034224121,0,1,0
756.3276168846294,8791.491983808708,1.397039949583978,0.09424914047665936,0,1,0
1154.8593152281417,44206.323232939365,0.6499377004395956,0.31328618186267154,0,1,0
1042.595923731845,49395.34013514847,1.2358959750068015,0.03278629385746488,0,1,0
917.4697831411048,33124.08867692159,1.3128660970988204,0.12285825924168461,0,1,0
1087.7436680642663,48176.24823299354,0.5136537746584879,0.035260863254657784,0,1,0
555.6280265347873,41924.846266507346,1.3856248061577103,0.25441893693565065,0,1,0
721.4345080875396,31002.258718014607,0.684960838021298,0.19088003176718452,0,1,0
1034.4504226965246,49155.8718854958,1.8717289548206235,0.37354637713849953,0,1,0
721.7789878776899,26095.54462280559,1.440707253101065,0.3688767712205137,0,1,0
513.5954074816677,18690.883872223807,0.36456900472880804,0.24480341198378214,0,1,0
645.04079751003,19674.853363065806,0.23474032302716055,0.13991842472303678,0,1,0
1089.9972059212682,15488.276535087572,1.4208561857991249,0.2518513379754371,0,1,0
1090.7876866952922,10952.95764429672,1.957420924655582,0.23305145841614625,0,1,0
1196.3793218774515,46018.16266396329,0.520882817014901,0.022464803961325244,0,1,0
604.5112750362892,28740.364204973896,0.426033097423861,0.06698389780719541,0,1,0
770.0748376841225,6497.058702621129,0.3315873568113139,0.16634453576317904,0,1,0
450.50392736637315,22853.97754049882,1.0006119053020457,0.1805066456292458,0,1,0
1095.3398859224699,28852.81047732796,0.9891628787082823,0.1642836981566665,0,1,0
1054.098702643589,45277.54717999249,1.7211606914745234,0.26941863125255633,0,1,0
509.88939677493937,17459.148627140552,0.18751982099575715,0.3723296299960457,0,1,0
928.6388237527283,38586.329794095866,0.6919863052062349,0.338261408910937,0,1,0
607.6826269667828,5073.969070060236,0.8151884287893184,0.22830459238362938,0,1,0
782.9638863724181,43793.426415946866,0.30027004331671714,0.22152937625349023,0,1,0
810.3834798567259,17662.684197747338,1.6622334138963202,0.3011394623528825,0,1,0
986.2873498654648,44428.66152213002,1.4732907411808902,0.09273651668589059,0,1,0
964.4501693197528,18846.626602542972,0.560131835660194,0.02920143715985093,0,1,0
995.2228642781414,36995.0432877415,0.5455490075807781,0.2997516066896624,0,1,0
1134.2727064748424,9861.303087121067,0.5420096129348724,0.30010431763492623,0,1,0
619.6053388056625,33109.878842767255,0.25421202648105756,0.1808809916414155,0,1,0
991.2731375943624,35893.127436946364,1.648636991284033,0.35098085064126755,0,1,0
1018.5468010070066,35221.448432251666,0.1602727344504592,0.21398666936377764,0,1,0
430.1581799318822,41363.05177022102,0.7093765964739194,0.22497174964716837,0,1,0
623.5562458551221,40212.50649711321,1.7843548006196148,0.1594569976852256,0,1,0
1090.337914808791,17018.375335534958,1.1158557538434952,0.3435045719354816,0,1,0
660.7050740926322,47931.90192851386,0.3315710533846289,0.007310027889402493,0,1,0
1123.3082820625525,8089.18997665425,1.9845894723002342,0.3805587447916425,0,1,0
509.6167280290565,29191.30815616546,0.45134856518757427,0.17126206921204795,0,1,0
449.14010340786615,15076.606450846528,0.790218313157909,0.17545900009842194,0,1,0
1181.9970065671146,41353.954055779155,1.5010788941926978,0.2148165258967897,0,1,0
1071.9982084834746,20269.527604507,1.4469083142693007,0.39751359015126886,0,1,0
651.7031271481591,35330.78906977853,1.7041982418895267,0.36632303334026894,0,1,0
974.3461527520815,17762.356553771133,0.7199360879809983,0.008303212849585684,0,1,0
1008.7087821372078,6923.282272787812,1.7428394737452169,0.04746424578981552,0,1,0
537.5012097087395,26443.69118745068,1.5019727888206105,0.05560088207963108,0,1,0
752.0568600531988,26728.307348454717,0.5033427191703235,0.046223350672252694,0,1,0
1069.1367383885117,27610.95423932445,0.12732434836989065,0.32119252052364156,0,1,0
1184.6350443316678,32266.678793641127,1.0570459354597344,0.3513663452179847,0,1,0
1162.0134317476789,38954.16121561072,0.9463605664951469,0.2368885597325762,0,1,0
960.7482920143993,13742.310695081063,0.9496819612112322,0.331928505886914,0,1,0
923.7802787987544,23504.183024533435,1.3603888146278946,0.047288964828983954,0,1,0
721.1980884519011,40690.784208337536,0.5189666955596312,0.07438460302296708,0,1,0
1160.6549279331452,14445.393331380381,0.5957453013353193,0.3878463755617352,0,1,0
987.7668562120206,36481.84398605877,1.7205601293237045,0.046329232894717715,0,1,0
964.7649892640057,27665.98741977075,1.6753862165398659,0.20325668746607772,0,1,0
896.1930834151296,26498.39568797912,1.0085019547561038,0.3071879912247326,0,1,0
902.8531205178265,33496.84407242347,0.9555367192798989,0.21244379853501105,0,1,0
996.5741329638298,42167.34136003632,1.4234666640736877,0.3696291955382733,0,1,0
1056.2592705177608,30283.870541428332,1.3756715380231002,0.37052331076847844,0,1,0
895.3344353944467,42116.31265909238,1.4087399568209755,0.22077454442418662,0,1,0
593.4705563322825,24169.888376079267,1.9387113671840597,0.26310615330904,0,1,0
851.5163042711918,46983.04814877023,1.2143723839711527,0.2104330073669612,0,1,0
1007.4486841201642,37069.952854394505,0.46700401597602215,0.1885233098296485,0,1,0
778.0123542556682,22020.103185950516,1.0828576160892809,0.1652429590908577,0,1,0
559.4763915769465,23556.491927360647,0.23732620038903554,0.23031434510976465,0,1,0
1082.9236391528896,37637.91879595499,0.7847486761028113,0.034828482230923274,0,1,0
561.7195193802166,29547.065322267605,0.4934084584277624,0.217589244513987,0,1,0
585.2792198111191,43201.57412642328,0.8548157983968734,0.09822025037779643,0,1,0
1049.8609441976491,20427.753416245283,0.3118266068936857,0.22816379656145666,0,1,0
865.251363550391,37161.30538560804,0.5564169230959326,0.17750853563689806,0,1,0
625.894335234125,8642.918125205966,1.765566271330194,0.29154792179533645,0,1,0
641.1704475670406,31971.784679239383,0.4824011974554976,0.35609464871830837,0,1,0
491.92507468952823,5172.6715478510405,1.053815575704446,0.23325112938114773,0,1,0
863.1722562366435,7453.036734702183,0.6966832331450217,0.19967957873653275,0,1,0
573.2633485017927,44268.16484686534,0.26550764997672466,0.19495377666881716,0,1,0
953.1328460105217,16778.79950605171,1.2860574002952845,0.33175406005694985,0,1,0
552.269580076038,46274.926632118826,1.1517612120584801,0.11969280172042424,0,1,0
744.6866203058166,19048.634770387456,1.4777112038733007,0.3185202653660529,0,1,0
1066.3499138549287,49359.57123135835,1.6034401557436988,0.24055362827542537,0,1,0
671.376238713427,29506.79519198372,0.17802952830177032,0.29793003021196524,0,1,0
756.7644360736814,5901.0453379484425,0.21876318886978052,0.15498658552870268,0,1,0
866.7372152147481,25889.1777028457,1.2764882028550943,0.19211770351654234,0,1,0
929.3630763850774,14860.672910186038,0.3144020556488807,0.238573581850264,0,1,0
787.7516135490459,6209.044432022089,0.8229155824367681,0.0424502341963982,0,1,0
825.0854654021562,22809.995584719385,1.2649886310957341,0.3222408875080953,0,1,0
639.7349470731926,48294.59468742624,1.1177055511163916,0.2473163195019152,0,1,0
944.5378985805896,35002.91884359154,1.070844411785618,0.17150571644587342,0,1,0
443.0255713419023,5993.863038553089,0.7801262696122527,0.13346435625347705,0,1,0
710.1561238712054,11226.569039968552,1.5025197140200028,0.3427857659104956,0,1,0
1150.9717082992279,27156.303658383164,1.4316448283383143,0.34222044937434903,0,1,0
734.6328888747887,18923.57576917,1.8797766561216311,0.20627062043082925,0,1,0
797.8031092727024,13028.72434535731,0.3054945276893778,0.33684274499340466,0,1,0
891.3065409500144,19662.10628087519,0.46429881304150633,0.22219891206785258,0,1,0
867.1354314089083,14314.712056027618,1.7176709209938006,0.03370574646234044,0,1,0
684.8744681331373,35617.2986193135,0.6208286912564812,0.33107007791250875,0,1,0
991.8942612803228,40506.02800466604,0.3263024181657609,0.05621885119821717,0,1,0
629.1789901956669,28313.47243389025,1.5212305457288646,0.3346123563043614,0,1,0
963.4682527657444,46786.85966887873,1.5036126682702675,0.12250715480184589,0,1,0
612.065027470858,36328.66026354904,0.46645408051026716,0.037085924324107955,0,1,0
825.7782998849551,41973.87064005299,0.29262170069274074,0.3167565295182917,0,1,0
1049.2576034812384,26702.33000366946,0.20888958901992494,0.06983594049887457,0,1,0
965.9410201295459,37030.00752459273,1.8068750228185642,0.23307445862183315,0,1,0
499.28589417102194,10463.670747723747,1.470151478977965,0.07351386604316046,0,1,0
662.7083996932843,26924.540311486126,0.14705326739468727,0.09952761080797275,0,1,0
726.311686805824,17583.63433219428,0.3591036221883751,0.29120490311847896,0,1,0
1050.518124134388,16586.55392646762,1.5713970397519763,0.15422142576052555,0,1,0
805.3486326832023,43520.04837019188,1.524911995424575,0.3220467405264711,0,1,0
509.47613326908544,8137.374162517826,1.7974689852671755,0.15513370782843774,0,1,0
630.3037424557447,37611.3314417821,1.6891896335017276,0.3449958487593204,0,1,0
652.7977129001819,43349.55760407533,0.17777449431125625,0.01986459658388755,0,1,0
898.8153561393235,7839.7866101995805,0.7167574201693069,0.2691023944987696,0,1,0
669.8135168433811,13081.990164804316,0.634566181522299,0.18303013290017273,0,1,0
780.3086842843859,40235.01041062409,1.5252911359198738,0.1827271218224541,0,1,0
1076.5338792790171,10140.671236612812,0.5851713654349128,0.33119058540090063,0,1,0
702.3952309009225,49153.1701457229,0.9858812349028873,0.3167742491855057,0,1,0
721.8456331058976,24122.908357809367,0.8274779798399485,0.2876302482043247,0,1,0
838.0143072479956,47470.01501157661,0.576691601414799,0.040225092833377746,0,1,0
714.6091880793722,32752.07184410492,1.7355179801394405,0.13847875467213108,0,1,0
923.0294008995693,20758.94064604486,1.2727172076894704,0.3539231788122604,0,1,0
585.0861138075272,23190.873894816763,1.9872038732165185,0.34742281129978436,0,1,0
851.7118863169616,28248.24163344239,0.6407407263788938,0.20688377107741177,0,1,0
1078.5451986239577,35832.85309750013,0.6510836535381744,0.08058556842141318,0,1,0
612.1668295974632,12639.164062677193,0.2817173224450603,0.167654469776822,0,1,0
490.63968351861416,12736.065097719696,1.1399169002450236,0.0658397094798299,0,1,0
451.1038139447223,19282.498251254834,0.5186062873817383,0.20612207519775072,0,1,0
481.89366766656747,38829.685445734016,1.8218436869267634,0.29737406958247775,0,1,0
826.2616299211154,43730.05198049983,1.4203449215848643,0.004220448980075941,0,1,0
715.2721222196025,43292.835473306004,0.7571318301530116,0.0140860694102094,0,1,0
996.9437108418178,41091.722162729086,0.40512802058228625,0.2149361987372725,0,1,0
553.5643511965807,37365.5488569866,0.6159458648372227,0.12648604902533203,0,1,0
1075.976682912081,26434.505849310695,1.372533457314671,0.16094922028898706,0,1,0
638.4054857550043,33146.512719109756,0.3942293907497604,0.1491999342267452,0,1,0
567.2296299087378,36310.773512333544,1.8939967928576045,0.39820438720634654,0,1,0
760.2214483532725,16363.867533640001,0.9413758037302158,0.33890776398508954,0,1,0
564.8045428416319,47844.30432438157,0.7495449607164869,0.394321463780122,0,1,0
1070.88711002717,41385.67403663257,0.7040188801692387,0.003510884779171786,0,1,0
705.7063270607903,18581.421634821214,0.17105428177671486,0.20214610260237187,0,1,0
722.4250490261893,33555.041048368614,1.2802540121687582,0.04829865435867205,0,1,0
1181.572436901298,13411.91432486511,0.9460206470529386,0.19524701737349398,0,1,0
1050.450237771296,9465.331824259105,0.9144241304962103,0.2514008680944816,0,1,0
572.1244972992445,33236.05544447328,1.85496319134434,0.39900725246907,0,1,0
425.9608614325406,15601.470271010488,0.6895835200042251,0.15965044017798646,0,1,0
593.8057260678139,14156.959754989064,1.91365230059325,0.36740864110820715,0,1,0
437.59400080249395,20246.585972218167,0.8697822519889725,0.09560581386637734,0,1,0
903.0983175905403,33817.13359899085,1.7159580338243345,0.29634770735408716,0,1,0
834.0586615727645,34411.40465199889,0.6205786849317343,0.23722247598694307,0,1,0
791.3818037999354,11000.501029236668,0.5608341255076443,0.11667738028863442,0,1,0
1139.4476536420464,15367.398772365024,0.6495634153573695,0.1477416520357729,0,1,0
930.9941909003096,10320.727661246323,1.9124959037381746,0.34622848803790585,0,1,0
861.7728584071601,35331.70403412305,0.13165489536401037,0.13557791013937948,0,1,0
1036.5281845291536,8486.733820657366,0.6363962850003684,0.23411873133372452,0,1,0
605.1304221591535,47029.008836503366,0.34901139852815166,0.31895774316311143,0,1,0
806.3589535251266,38764.88491189802,0.6903591237917501,0.2057958409248155,0,1,0
1085.468279778541,26009.5144605397,0.7834677376295122,0.21446215450109443,0,1,0
973.8902024290935,24960.350547432623,1.8838662527703187,0.11797832961693683,0,1,0
780.3708849352963,39061.74467036487,1.4093300719419406,0.34545642096686247,0,1,0
1197.447344544887,24208.62479577903,0.3111866715882925,0.01216635232318719,0,1,0
981.5015249118173,44330.6152088922,0.5193539132943955,0.06337921487596239,0,1,0
449.7640732205528,42021.631477274284,0.6916256857959102,0.1606787571039106,0,1,0
802.2001532876898,42775.39553942978,1.3365831209668213,0.24602585194312454,0,1,0
540.5376799647286,28093.54512694234,1.459223932639445,0.3893043532121967,0,1,0
561.1250473706818,5429.450888025199,0.24307272383709252,0.1503409860727917,0,1,0
1056.4357181967898,5321.393679571027,0.9677881264830964,0.1316922461365578,0,1,0
441.98536807978206,25260.632900267778,0.5840225439397658,0.1407539337388026,0,1,0
964.4922438274344,28469.79427599352,0.3368301150863453,0.3845658161694556,0,1,0
908.7286125677907,39464.07915481392,0.25050498501590457,0.01882335178400756,0,1,0
415.55844029446496,13495.731249805,0.8873759556651407,0.37433045336112913,0,1,0
765.6477274126211,18061.479741763826,1.1676769816873604,0.0447738312539157,0,1,0
887.6047128039866,30579.43794487265,1.6047867634708484,0.3946750446468097,0,1,0
600.6987773728883,27934.54028616923,1.8268442720061069,0.31407595376913655,0,1,0
789.9250424806461,47541.724232665,0.2087497176819378,0.37239944788503365,0,1,0
440.40591390624525,29628.713485160795,1.791837801202063,0.10508837742452114,0,1,0
777.7987991561268,19594.799561163498,1.9090734424450677,0.32945823790123635,0,1,0
967.2012090611037,31443.21439767989,1.6591243997158813,0.15690681660941885,0,1,0
758.0414840848496,37850.07744863877,0.779734050258057,0.02556037681934953,0,1,0
459.46768710885715,10191.326058756673,1.7523945143529593,0.18889057030248174,0,1,0
970.3058954757892,22680.920102220196,0.5915508000897055,0.13887686702488478,0,1,0
1035.3458762537468,33134.725626414714,1.8815155819200138,0.2718819114307336,0,1,0
856.1453054037552,32458.820404362552,1.8905057349899879,0.31528037194668246,0,1,0
419.23298989315026,29036.286326106376,1.4078429819384732,0.29947939137566204,0,1,0
570.5136954511494,44022.98095031085,1.9161019796328111,0.09468612233794792,0,1,0
1106.0923660137967,9364.044313224293,0.20584298861896586,0.05168952004109975,0,1,0
446.1928635736288,43025.550672009915,0.2121952744707167,0.1086656765454622,0,1,0
483.0050748286851,18293.991634119426,0.2720629884417489,0.2672013002972056,0,1,0
506.6614530740601,43333.06666274995,1.6526629963806179,0.005464674188243768,0,1,0
1116.5810844120915,6302.494253451518,0.5553269914193576,0.012955655110398024,0,1,0
668.6747896314528,28123.993657097224,1.6136252511287623,0.13519262018793446,0,1,0
964.3920197384933,13437.700570354114,1.5261370678138402,0.09439864236369502,0,1,0
514.8358047550144,13343.398266832444,0.4459199448755252,0.20514515175079648,0,1,0
1075.8380649505168,8582.228464662752,1.443217005137503,0.26173858386114307,0,1,0
1098.01596146349,15986.640222810825,0.9552087315015562,0.370330949777407,0,1,0
927.9947601082538,22494.57857877186,0.3496835274250101,0.10499400316023642,0,1,0
864.9723819915066,37317.557640223116,0.3364015850185976,0.23983890401762162,0,1,0
840.2810230710008,28127.995101081862,1.4112339235958151,0.33497983803338477,0,1,0
658.3917465414947,45005.54855499318,0.4052038639752463,0.06920954790046574,0,1,0
613.4176508991391,10378.889129618501,0.5376065268974674,0.04256470516113784,0,1,0
1057.4019335883122,11253.604634898107,1.519865359363728,0.0191655471653335,0,1,0
1158.816262011132,37002.20393874947,0.11291344231361239,0.3055426000800856,0,1,0
811.2655366129483,40071.43266508039,1.0927439368921181,0.2564099430541419,0,1,0
1029.0653243160323,23229.862456453553,0.10514548465885898,0.3399785983780754,0,1,0
704.7122900997301,27321.922670746237,0.11475662009254056,0.1968368041400392,0,1,0
1189.1899212573835,17522.044736844633,0.8512947134605183,0.27487599858747064,0,1,0
1051.834934018927,23782.623080274512,0.6883708537624558,0.37513031999402685,0,1,0
941.7159733373354,10355.958702191348,0.2309629684558324,0.19341994031614762,0,1,0
576.072052837818,16429.313901931404,1.7676151397729116,0.03582640972652427,0,1,0
972.2912921831118,17201.401402126463,1.5446236206678616,0.28896455378541785,0,1,0
405.9135211554344,27911.09358147196,0.3647070165182881,0.3464908122314707,0,1,0
1097.2687062899254,23825.56133721911,0.944351675057053,0.12131317576181085,0,1,0
973.2850391680248,21139.761336190662,0.6088057015930041,0.1728924238018033,0,1,0
473.190014709967,38597.14420898917,0.12393316241639524,0.2577940246082376,0,1,0
546.2916214038979,15458.18207964859,1.307700797416076,0.3971773863131629,0,1,0
1022.1739912580406,15162.783450052639,0.43444703457815426,0.34649314810706816,0,1,0
755.3471583372034,11167.376127266994,1.7382017043116824,0.3264369411657046,0,1,0
1187.1250911177308,45938.46590207078,1.718401643455029,0.021029759124401262,0,1,0
483.53229559849444,30604.243743685525,1.1098105679354597,0.1831852857958142,0,1,0
717.4314603316674,24404.4718188948,1.181666074856111,0.0008306070400324828,0,1,0
608.5670193062817,28322.587430992,1.4722105874799278,0.06966267695815853,0,1,0
837.5049390299464,37150.685774860176,0.9447925500364188,0.01083245346802042,0,1,0
759.4145267725094,18340.01994848689,1.866334254632524,0.049845354271330945,0,1,0
921.9807644057857,7372.389485052552,0.9477238318441232,0.22159179488803227,0,1,0
638.3639450534923,25478.4035984173,0.41075220960735603,0.12164953978721448,0,1,0
896.8850599281625,18581.002513751977,1.8095118489768562,0.2513627830563959,0,1,0
750.9192147487876,6744.062099938211,1.0491418368888754,0.3059104968500357,0,1,0
612.4460784099309,41304.81063419453,0.5784328554966748,0.32949855518032023,0,1,0
468.21467328934193,43978.266899106326,1.048454256773328,0.1186150358481048,0,1,0
612.090600332119,24440.47515186632,1.9981940463969254,0.08813095737503303,0,1,0
482.5733191031997,31326.582592339786,1.0282306862364885,0.20967850842532296,0,1,0
933.5483340457737,17021.48314417922,1.830263491229388,0.17426882644891617,0,1,0
503.2689561139694,38403.444053027495,1.3218982699739155,0.12629736099361485,0,1,0
897.2149792272388,14893.788036603959,0.9451947827470061,0.35976500886693014,0,1,0
506.8273865285995,22401.34024943579,1.66017060696866,0.3877963597624713,0,1,0
763.1409091374367,27814.982906450634,1.1871267273891626,0.3729392566534844,0,1,0
1086.5654327816237,12677.050607973995,0.9298398539094425,0.18560017127857054,0,1,0
1031.2768893190055,32130.179717244588,1.3430188778551246,0.3992799630662471,0,1,0
459.9680347760104,15035.442059017985,0.8750022810059389,0.13911296121955488,0,1,0
417.31644907758687,9129.992291202912,1.3938112536667948,0.3517297853450243,0,1,0
811.3816090127821,29263.598578113484,0.5846775223815208,0.3071505454534846,0,1,0
1001.4356698938051,31476.45601479455,0.5040621443715514,0.038807287294835784,0,1,0
72.20532941285391,731.6004766393095,26.1507770211416,0.9474159993096127,1,1,1
239.90723730479448,366.4456293612782,16.75512762037666,0.9642401682972366,1,1,1
246.3985238283485,811.0823378605884,25.971586369091703,0.9223954797708496,1,0,1
70.8479242025093,444.5094923975982,22.672591674485943,0.7735817155923943,0,0,1
195.9898260180511,1168.7127569049105,29.62742339152605,0.8636152043022433,1,1,1
155.19764502707466,708.6746128983498,11.018997225571164,0.9656621359418162,1,0,1
187.61544388960075,433.98784225553703,13.593701541756472,0.8951413604521508,0,1,1
157.66444027653685,746.6167900990746,21.901363503431472,0.8712215359932897,1,1,1
203.09258096413808,886.5702499790385,27.13156207010976,0.7935719896285026,1,1,1
135.35220913340265,193.60058844181106,19.55979277996795,0.7751829236875263,0,1,1
162.85890129526507,376.66714739649336,29.885049000625934,0.9723085512676829,1,0,1
219.2959312375161,872.9638245175536,23.112711570077227,0.9554161605041687,1,0,1
191.83400075638914,401.68553797621354,24.70325755245389,0.8925420065330602,0,0,1
125.22718414719078,427.8562276421384,21.24963865229966,0.8241347096279678,1,0,1
185.47376795520682,980.5740242052524,22.80229717824946,0.864362714854599,1,0,1
63.641898629745775,546.7877771829569,8.726262589807199,0.9694054530810741,0,1,1
207.16869580312934,300.3882346353736,21.66698367056368,0.7610581627518835,1,0,1
235.01733723435996,1172.4989278295075,12.890220866048875,0.7978643879571657,1,0,1
230.06454624075056,710.0185065414296,15.717107706226866,0.9415195616603667,1,1,1
236.32270497858238,240.23317494767073,8.051114934902467,0.9763041162327525,1,0,1
218.27651014880328,576.4756724430877,13.697155310549455,0.9521117004456938,0,1,1
99.06808266287482,755.7356658880551,12.907899359637447,0.875503792942786,1,0,1
158.96829871312906,589.4187060486369,9.562823270873507,0.9382107980653196,1,0,1
157.80900463729554,640.2495802560086,10.358892672586723,0.8474008621273466,1,1,1
219.60357806493272,676.7296198150207,9.909224989429791,0.8044753782372056,0,0,1
129.52086673738344,313.80252747753934,12.80266845985327,0.7625794301525416,0,0,1
92.71752109049028,545.6312881754336,19.231445748574583,0.782336141179874,1,0,1
94.85049226461165,57.866860370618085,18.274393063478318,0.9076999023309958,0,0,1
228.53812144492275,366.27848836096746,12.919477635438625,0.9471322961102806,1,0,1
152.95538367127716,300.4110105591253,9.722636750550265,0.8818893198318021,0,0,1
238.69446771747204,1145.7595475461721,13.26531030404189,0.8935460866105005,1,1,1
111.57186421245012,54.257767857279376,11.576346530491133,0.8303902442689616,1,1,1
189.30652656637918,394.48976755713187,18.070363977656694,0.7719785939104171,1,1,1
246.16267172237824,1048.8357554037134,11.827139529316963,0.7606251911363746,1,1,1
93.69675871535114,58.099351817763136,25.720913012709374,0.7676630073859488,1,1,1
104.99154123667422,146.5569479637357,24.94046702602823,0.8949402695240195,1,0,1
71.73485339513795,894.5025406355901,19.478135214771406,0.799036904219501,1,0,1
109.52571441825795,156.407837521727,16.787510138678797,0.8463537215056064,1,1,1
232.1591764492809,208.39421372097993,9.195658163670455,0.7542621837266966,0,1,1
198.22064481933435,954.4815705573404,13.361580661895538,0.8203558070501495,1,0,1
176.11688941013676,1181.2952887271215,15.937738850316055,0.9231549192710182,1,0,1
170.6251152724914,394.8554087106747,8.756870585976081,0.896033837927081,1,0,1
134.15615397042637,1074.6749354122933,25.89939389408183,0.9144391494169087,0,1,1
89.33899393245046,770.7860973298051,8.633625972023411,0.8980555554547376,0,0,1
125.60026489084008,248.67026968314138,21.68357738206523,0.9528543776823397,1,0,1
196.30082707196493,813.9902715965346,15.554311370640596,0.754392815851357,1,1,1
180.10282316397377,550.5866328157792,19.553385670455825,0.7959146257617811,1,1,1
87.64828707361073,1059.6751398746078,13.922174268412716,0.9759188940154214,1,0,1
126.82682115567394,556.2073780017721,9.524771006842487,0.8829902276813566,1,1,1
65.54227953524122,672.4239465989046,9.163963531954616,0.9112631705923303,0,1,1
193.39568770805434,633.4982298479307,17.71308631218585,0.7800547049950504,0,1,1
231.84603419687383,50.85986462611072,21.071000612506126,0.9154391400757761,1,0,1
101.36773077179143,337.89130748859395,26.29794188871197,0.8565358703510517,1,1,1
181.04631888239595,1083.4678567855635,18.043194817513726,0.7843703394592076,1,0,1
94.50997015697615,397.7551013495106,9.117656973156729,0.8577091360349686,1,1,1
237.1944194256923,194.01452947305876,16.405185415243253,0.7564926147196624,1,0,1
179.9122352995246,872.1332037888819,17.456582734349418,0.8204817374065558,1,1,1
114.99290992570417,601.5688612561268,29.402571490520494,0.7511197337607658,1,0,1
156.7400134568945,78.37044772156023,16.951765490593814,0.800760787200627,1,1,1
212.10185997408206,1022.4884053680846,21.97582972189978,0.7595587651026194,0,1,1
129.56149240646272,169.18223545291494,23.452918049056443,0.8188752765048786,0,1,1
223.04639575506434,519.1284911230173,29.56574657196298,0.8995260413864191,1,0,1
83.10499927613085,778.0478954706741,27.778527618288646,0.893461057000147,0,0,1
220.39532020657552,210.19768951410146,19.44510313108856,0.7585360635913295,0,1,1
190.94446798122817,442.68981759970876,12.743414835346986,0.9371533622741808,0,0,1
243.95967976395204,220.03030354174135,28.699277884883596,0.7920654022057938,1,0,1
243.3364342853469,364.57333335222745,16.79247604588658,0.9760578271067467,1,0,1
108.97791275875835,856.5680943570077,8.316204939111108,0.7613879048315275,1,0,1
241.1301107181825,1088.6692943312034,23.70153769088756,0.9381734836593942,1,0,1
205.4532402409485,291.72076402667335,15.115742812204328,0.9384238687835567,1,1,1
100.4767107702202,748.9452043979203,9.843401396061756,0.8979040285142068,1,0,1
110.58398528477395,86.04406918769672,10.627875447214286,0.8931296851870261,1,0,1
199.65496832996877,1046.4187227363977,19.45940792584524,0.9039311330440413,1,0,1
116.41017811092817,50.7216441227246,29.188070879751656,0.9610353257571593,1,0,1
145.02554904290656,167.17551706728574,8.35024587978157,0.8917220819988974,1,1,1
192.38341483772683,161.13667178960213,14.031608828790603,0.8236130471836169,1,1,1
133.1701633680849,530.5665961102511,8.97919886407577,0.8165014452363151,1,0,1
146.12081754345405,1031.1521840964706,20.789062433951173,0.7681538666588348,0,0,1
128.68255846614431,462.5360724780136,19.643883859158983,0.8844110619655752,1,0,1
213.0385937777115,439.4029134795274,9.219525756707144,0.877463159731102,1,1,1
197.95165195187013,1105.4385503686055,27.98363862534621,0.8890520453593957,1,0,1
245.8828534586771,939.1428455090027,10.337849905432709,0.929038533559722,0,0,1
99.9873377135415,843.0205253632142,27.300814196246783,0.8167832336343366,0,0,1
187.74875300711693,428.07414668761743,14.118467686183674,0.792420093834381,1,0,1
198.8919663365018,138.11576229103312,22.608726728448985,0.804638803350587,1,0,1
197.32604844205116,1137.1030962893822,28.17568914833589,0.8841880294831409,1,1,1
189.8320088992687,261.0987313494728,26.060222699486005,0.8486434095607833,0,0,1
110.83013574718504,647.0880207939791,13.156141994913261,0.7784202921023625,0,0,1
199.60426488138194,419.7629601640919,8.762315615908376,0.7792617239955124,1,0,1
146.1788338268832,93.75655505660455,24.03001449097178,0.8714556586143781,0,0,1
132.84369409007974,1012.7362588242795,27.03648030242254,0.8886546674909963,1,0,1
171.74395243889242,817.010559010259,12.41568254410343,0.9524355885693595,0,0,1
177.90580093445715,784.1025749003404,23.38646430172208,0.7757626940056873,1,0,1
149.551140879963,1178.262268190536,24.288322532702434,0.7771413861224562,1,0,1
65.21940687746712,514.1697795603817,29.85871980202281,0.7902233053248184,1,0,1
197.70952524209335,631.1567184735001,22.95937762196628,0.7966608304602739,1,1,1
186.47359511893234,617.5019977838093,28.309827749623825,0.7536459237133315,1,1,1
71.71817088798191,567.5737959781219,12.503827986899976,0.880299178085201,1,0,1
147.39651723883915,371.2404080680434,16.126605618012505,0.7866941900383374,1,0,1
227.6577454243198,707.4307101021993,15.296472571894384,0.9163031388558758,1,0,1
80.92703375460363,497.94342983722,13.303415608848205,0.7536100582871443,1,0,1
108.79770716778519,156.3941143605586,10.220715762240776,0.7957725977154932,1,0,1
181.347800862877,212.43025273054093,28.25381900763707,0.7715355654667347,1,1,1
60.240934613943146,1078.108277604327,19.477659630072203,0.8104140391260114,1,1,1
151.90125639789085,412.88649560957754,25.35679272656839,0.9068106644913445,1,1,1
106.27038439091189,1121.4081372228718,10.30638643853181,0.811626832524575,1,0,1
62.90901145911203,947.6586346940809,15.955361005358569,0.8434762644304917,1,0,1
68.97272653400341,252.90573604090287,29.029869792540012,0.7661932333525783,1,0,1
153.7233571943264,54.55393446396417,19.025580092064786,0.8382676653348041,1,0,1
127.28929738430405,532.4037078532926,16.595257816220872,0.9031410903599284,0,0,1
198.5500802151621,625.3340964799066,17.13342487326083,0.7889167018857679,0,0,1
77.37099108372476,690.3644988937772,27.621208860185018,0.8160478959800282,1,0,1
133.83987966534954,92.80496025472854,28.187215317761805,0.9048156100686415,1,1,1
149.868212802649,647.6377858229334,12.192673023378266,0.8562690488530977,1,0,1
224.07579256967884,442.0899718890012,27.789280832118816,0.9664023784585415,1,1,1
146.0233241646606,1010.8712582252635,29.15548068553223,0.9282688140779974,1,1,1
221.39928130089584,672.3843306369931,25.6849174974741,0.8670436086900766,0,0,1
144.44378195758475,212.8598317346098,10.254919242162682,0.8731569384210994,0,0,1
201.47342543298444,1159.097006503178,23.793152772142427,0.9783038761441601,1,0,1
187.68998269601877,857.4802799764394,16.177993661562134,0.7540741856401595,1,0,1
179.92573483141354,238.15896205393835,20.443277610456953,0.865899995837538,0,0,1
174.2073218052975,1025.8975346835969,27.55012650440338,0.8612854931076414,1,0,1
125.01541709414491,273.63304705966084,20.362858419851264,0.822349754713294,0,1,1
194.47310944502564,463.9912815959165,9.6879147880325,0.8480484750027879,1,1,1
119.92911433914986,834.9891717485012,27.172747918662544,0.804621789743306,1,0,1
110.77915017794173,534.737859886834,10.0767444698849,0.7789123584977866,1,1,1
231.05932551915328,814.5406893237115,10.314830215239734,0.9045645453015231,1,1,1
216.79724666391436,1048.4335371458258,17.110893320740164,0.9105088109309931,0,1,1
93.31350586160339,61.63159640996118,11.273791719399872,0.9284506265951491,1,0,1
241.45435472621702,1107.5801442322854,14.846284231688202,0.7980833696195992,1,1,1
162.9034153317125,773.8372677846655,13.652114263230455,0.9341846182350606,1,0,1
71.4206256548952,1103.3252068878267,21.53993124845693,0.7943189517793826,1,1,1
159.89636396981285,875.8169986494258,20.791986854429734,0.9679870038673941,0,0,1
92.99761102132457,843.6967311949819,22.20310920049579,0.9551735378482296,1,0,1
248.44804056808977,356.02414959469405,26.330216515279986,0.8481617856046014,1,1,1
180.41327656616392,211.58339857488227,17.74492223645452,0.8791308269246185,1,0,1
234.56198791280778,556.4303564789923,20.073156903786256,0.9331457070768442,1,1,1
185.46380779768424,651.1158721777413,8.51902329117751,0.8451585664434759,0,1,1
99.5727582791737,286.0031003881826,12.169418951222289,0.7788915910259343,1,1,1
207.23640973813144,895.5388987528124,25.54140972429918,0.8119661145458015,1,0,1
123.90568807596057,724.7603368124444,10.263911943524015,0.9179299431885777,1,1,1
153.65029426107452,258.0057030891368,24.164759849817575,0.807993109842957,1,0,1
177.394664338287,815.7364311487188,16.33083261940124,0.9695172394738469,1,1,1
195.5938941538111,340.2619721834739,22.449935083945878,0.7955874410041696,0,1,1
178.2514269799031,545.6360535557691,14.33961950344693,0.8889017020423122,0,0,1
66.2427725706753,624.045308252061,21.213345842118017,0.7643703451122988,1,0,1
190.18827621627455,1179.1817110405325,23.204329141184726,0.95313440217243,1,0,1
193.4417460897443,1029.7646415892182,15.845396083236494,0.8101213828088908,1,1,1
101.739605341407,566.4459015775304,25.521938929831805,0.8758244879112417,1,1,1
178.18174587370632,671.0912202105251,24.491514256531016,0.9173394981494062,1,0,1
137.1042975180516,1166.004331216712,10.472490510413568,0.8117561309681521,1,1,1
91.0983761086483,368.49781084330135,9.447560791495258,0.9123766111916882,0,0,1
144.3032749356369,1075.011025947424,17.04926638728721,0.7834017545805073,1,1,1
175.4602717996541,1180.8953035296586,26.504360796655142,0.7582721239290849,1,0,1
166.32720257249753,371.24696957091055,15.675149165316387,0.9623288037034612,0,1,1
65.78698353339439,154.50801912509564,26.8028509104538,0.8950278871091149,1,0,1
162.04585656211967,897.8021071070004,21.800911014225775,0.8584907163849782,1,1,1
232.4726520458352,889.2360883097334,24.180197629149028,0.7684042020442663,1,1,1
104.19473380826363,182.83174607993612,15.174333246053456,0.8007007135253013,1,1,1
154.9398137537518,120.54545565644823,23.720371614049437,0.8933846982073408,1,0,1
123.91480744655279,646.8749476153391,29.543792410899357,0.9101633594825971,1,0,1
201.28447833651737,912.8126038925375,14.980357643069917,0.861254181449864,0,0,1
64.92025334740218,377.9935063513319,20.187338897322046,0.7503682731362766,0,1,1
172.79323117039854,749.0422476931276,16.87401471057977,0.9055885930032546,0,1,1
82.17093278782096,804.4015578510756,15.505285168033026,0.9219279832339696,1,0,1
92.19025639771692,782.3446839270057,29.444936555249086,0.9398887877286134,0,0,1
235.86077174615164,628.5003096905747,22.566460167779944,0.9598978494860197,1,0,1
143.15279750494437,440.64651125152517,23.818427749583606,0.816006963878455,0,0,1
93.67086080697048,849.3877883376324,21.55729428527347,0.861062062846644,1,1,1
65.53351914793001,934.473905033394,27.842010578475552,0.8526615532688829,1,1,1
100.33272790424775,648.1550749523876,18.443864796820684,0.8094303090101851,1,1,1
208.5671901597597,274.66280497589963,9.908469981030395,0.8892522316202287,0,1,1
160.78060186217613,812.2035926552131,20.98375702029437,0.8472215909912497,0,0,1
159.65510910160552,799.6483076947468,25.148626371459628,0.926449265243284,1,0,1
73.51103456055299,447.50547587313815,24.352478454929688,0.8507656797376579,1,0,1
236.66042729979557,1140.042958298929,9.524699132412472,0.8549750911338576,1,0,1
137.34458808200623,829.333772285353,12.98815299176395,0.888455711184124,1,0,1
154.53057004521602,352.54203441281936,23.93649983195698,0.7935977669634963,1,0,1
97.62057575843517,553.7250658028788,16.992362781787612,0.8486513606835534,1,0,1
88.45765501937151,125.41593354363177,24.04713987198389,0.8787350102635121,1,1,1
133.73111010958183,965.3598530406987,14.726634805272244,0.7667544184353959,1,0,1
210.6115888413818,371.0157532056501,22.220032466720433,0.9508615008492775,0,1,1
168.55327094466645,748.5925169948546,19.509476017731618,0.9511292737552377,0,0,1
226.39488238323952,915.1975579117494,8.388193523929328,0.8689114451382329,1,0,1
116.50473309177804,833.9835779741934,12.571390223504583,0.9337581692764924,1,0,1
113.87412207283305,376.45990882932017,18.610409127916622,0.9155032216923525,1,1,1
132.67204751069292,400.2016675240908,8.546909350147471,0.7509002443191398,0,0,1
221.73962179879146,968.2568793699892,13.877635776935778,0.8062443018863888,0,0,1
154.6577567167202,554.4679378363119,12.802010373192863,0.7800038242870322,0,0,1
194.01771033688246,330.18435474742034,18.309239822673216,0.8859992642523462,1,1,1
201.6894093994582,90.43054085577663,20.65154921987913,0.9309141982912464,0,0,1
222.97518769934558,595.217387218607,8.090336463743865,0.7525330724171897,1,0,1
186.2456248477193,865.1191546420771,11.913355500133829,0.9543626563606316,1,0,1
205.20780363318514,958.4706750192887,22.064500398640064,0.9462970772365872,1,1,1
142.4387292122411,909.7366973143588,29.994534395438976,0.9167341754295124,0,0,1
171.5960803361753,250.34227633209963,29.183615951916828,0.7903833488559617,0,1,1
148.3890322931175,122.66652116569364,21.16012499864763,0.8884200601856009,0,1,1
163.36569340596935,693.7650805067289,19.44253911905268,0.8904683093182626,0,0,1
157.1544270612652,977.6887329781165,9.097020682871936,0.8887829688106565,1,0,1
62.854282976307594,409.62028941267675,20.93916154805116,0.7818051298830919,1,0,1
173.78778800389026,365.5734791504314,16.80065199169841,0.9290180226855385,1,1,1
167.21386532935207,521.8367233855386,15.325045516171201,0.7787400101993242,0,1,1
109.36093907252047,342.8609393973138,29.960291198511285,0.793222970310973,0,0,1
170.16301558169127,772.0433999024167,16.0350143776514,0.8731450671676375,1,1,1
242.00329438597316,997.9081838113057,20.426511607783386,0.7913211021424745,0,0,1
186.63990803922292,978.666693707692,19.19104691504974,0.7625842602117372,1,1,1
173.54650627716748,980.8416117322371,25.603358264618514,0.9643896929495501,1,1,1
104.47950634442171,118.91392861924366,19.38718823118377,0.7786198678277537,1,0,1
222.0593986430157,495.76831898282825,15.110273496862304,0.9650864716466229,1,0,1
80.15743812645275,821.0136650748857,14.354467118505298,0.8846889586030866,1,1,1
201.59588237276384,641.6202995617704,15.281822847274867,0.9426137058119888,1,0,1
136.23799080870833,1033.3401438651413,17.502207685208234,0.8388028134326214,1,1,1
80.37689836421075,634.3941272955577,24.180524543331448,0.9781771958560119,1,0,1
102.96880396240249,1053.7547692763183,25.92043466649706,0.8038022487792585,0,1,1
119.8408917645643,402.3586181162515,11.350385435488416,0.8107143695332609,1,1,1
123.89853793861246,427.8949904018191,14.268091556153589,0.8600052435275399,0,0,1
193.79335567699107,84.2590796375155,8.215146366726762,0.7672782693355371,1,1,1
60.92804854384787,1127.1605002723832,10.338127254551788,0.9436562114533921,1,1,1
157.02976704496467,598.6054589562578,26.367787424016612,0.9238538673005977,1,0,1
81.92656226973754,971.7703798269367,19.646593669645736,0.8607655022504535,1,1,1
179.48589743852799,927.2750876984509,24.835951530573052,0.8319401332223806,0,1,1
131.66397043900628,1088.836407501111,9.533195328062632,0.7633900277773281,1,1,1
132.12387772518315,918.3194770386102,22.791189819860108,0.8721762407685071,0,1,1
224.5444062293187,247.99399183554647,26.711256343495467,0.9519048815338098,1,1,1
132.62509080275336,374.0603946356559,23.883629232936187,0.9482312842736359,1,0,1
90.1957057003926,111.47751949554089,17.805219385428423,0.7613503996504069,1,0,1
203.8659327395742,401.495771361611,21.045619421283504,0.8736672100036731,0,0,1
115.1699603723439,1064.5703431738798,11.234329007795129,0.9135056960059246,1,1,1
106.15961872053835,1094.620049475044,10.048357443184582,0.8576726466302692,1,1,1
138.59246729826276,386.7347967477441,16.252186917003698,0.8670566096321358,1,1,1
237.28475408256756,1051.2721884464688,17.280256381498376,0.9089994069471026,1,1,1
138.72213266383946,179.2439567205998,9.663868004360088,0.8827247304019116,1,1,1
115.5778538647959,242.59106413254887,16.338128329920387,0.8313222784354233,0,1,1
156.65146873858143,879.2911695319813,15.759204643734163,0.8249115086628716,1,1,1
67.65344827945627,975.5577398909428,16.11772747847064,0.9465623759313498,1,0,1
191.83654171110703,233.57767028945617,27.718194147603338,0.8430329448239392,1,1,1
215.95964497392168,321.79415482744105,22.5497030772939,0.8401595500945042,1,1,1
133.5648220896275,448.0247751890688,26.389544978777334,0.7732935084811314,1,0,1
62.94466594697616,241.77890920359582,21.34655365506909,0.9130992540417656,0,0,1
231.4830018201611,134.30169083077783,27.672007489564567,0.8024781601627083,1,0,1
223.16288486574493,855.5230952380116,16.839896089237293,0.7675495644600383,1,1,1
60.55322638841986,60.83283436831212,25.793445410239265,0.8096619399244264,1,0,1
224.0517027591358,1104.5052800678618,29.92976967893479,0.7853473512356668,1,0,1
172.25501623014645,631.6387589495926,8.395738894592528,0.9645373943784018,0,1,1
209.1512988795698,964.5810264048368,10.980879416434586,0.8529410886168336,1,0,1
148.87224832118608,363.71297660482264,18.19813119347713,0.9542027221963624,1,0,1
136.7554938275859,579.1347606838243,8.333832379021278,0.8152614672909049,1,1,1
145.5098668052395,438.4895998197986,16.538172177571457,0.8057274657161073,1,0,1
62.54779623570339,72.3631971824786,29.405155968944914,0.8009337050158464,1,0,1
235.02091997196433,1055.5795542166802,20.564049573559323,0.7520696911751489,0,0,1
147.41218218203673,392.3305723467278,8.72485310140166,0.8857293033631046,1,0,1
67.21543383822524,1193.783315305231,18.60369611018093,0.9238809756080377,1,0,1
118.824141566245,418.1266621567864,26.44376388907835,0.9004728949399711,0,1,1
121.09294815559556,1197.9691297030283,29.91560124974579,0.7939784190817506,1,0,1
186.17912751809928,657.2545663543692,29.32771232090965,0.916517507774209,0,0,1
190.79624523477779,232.22030620787743,25.32889048738659,0.8215384334698775,1,0,1
193.19214074805774,180.26021602438865,25.0033727041974,0.8631295990409575,1,0,1
75.66232168360824,930.5001872109606,9.535588667684495,0.8601013957309465,0,1,1
233.20233328316405,687.2450878620153,19.597240474581973,0.9257115351548921,0,1,1
97.51527524731503,1181.7367164001728,24.19758685513017,0.9280777639711544,1,0,1
168.60926173862146,103.36331891739451,21.727109207504313,0.8940025634570208,1,0,1
74.65743107635159,402.1253085543934,22.423847066514984,0.8050295384328366,0,1,1
171.02074903491473,634.8065465396083,15.005943269727695,0.9181134482645976,0,1,1
73.31928125081399,1044.222542819396,18.99046219427052,0.8508568438407631,1,1,1
85.08668360909915,919.6686282886452,14.070422554901384,0.9581412324390802,1,0,1
213.47046570813575,459.8490741948898,10.220848995992894,0.9712342949069128,1,0,1
135.57693679089755,423.4111343970036,29.591847099440844,0.7809918709801087,1,0,1
150.81991356031915,592.07145706902,11.8672439482684,0.7833344812351851,0,1,1
81.48006388855693,921.0388688793236,24.666064648934167,0.9362471928963703,1,0,1
102.66629916109031,585.3315165066017,13.831961712544796,0.9188912974661148,1,1,1
75.7202776625436,1102.345833361786,14.453669786741969,0.8628596995632063,1,1,1
139.86332879205008,1135.0861174968209,27.85574541804866,0.9505970649529865,0,1,1
208.51073463421,169.03988905705066,10.36311515959688,0.7732676766490345,0,0,1
244.94491537284821,554.4874083347626,19.896665041521842,0.9726330532570897,0,1,1
163.81418877022986,704.8979918624624,15.549824858560239,0.8791644030223889,0,1,1
114.09067469341161,1070.7495789180482,16.092715281364086,0.782849545411983,1,0,1
203.19929795316818,1163.329071867034,25.150163113495758,0.7551633271392046,1,1,1
216.8370819012942,114.40265527985018,18.5623722149503,0.8731353007068307,0,0,1
143.6421279886714,1008.1911411514717,28.44696645354455,0.8945372506510647,1,0,1
246.60568504286857,1180.4729977878121,28.349492861170763,0.9307039044718984,1,1,1
137.6706732815228,425.78906287830193,24.38703788625815,0.7683204033526972,0,0,1
144.67137215621077,1079.9907760234103,10.775368118331969,0.7783553033140549,0,0,1
73.62903018483259,808.8503468533949,17.494855240585203,0.9256287054302431,1,1,1
69.58655841782351,170.24729446749274,27.38208986592357,0.8713240672484002,1,1,1
236.25816288490864,1142.3035863093205,20.206167523072736,0.8284346396188877,1,0,1
72.2080173613761,789.1930325688447,20.92906450869024,0.9560323607657824,1,0,1
243.58288788410587,971.8624088793387,21.869187604389793,0.8173727967827182,1,1,1
73.67635550803112,345.182680397803,23.705820534725156,0.8604042572642628,1,0,1
143.9513165507692,936.295766374269,13.808282613581646,0.7512416647022458,1,1,1
175.29704708183075,187.91013776619965,15.056128031582809,0.9495575713856513,0,1,1
136.5075295682596,289.0202796325964,25.894951658422954,0.9208511935871088,1,0,1
78.5928305161255,712.5832292998612,20.180912337867532,0.7933285521470208,0,0,1
248.62648743741943,951.1214789543162,28.283724471233796,0.7948625861143636,1,0,1
156.72554742762952,1004.1500370796235,15.695673799254747,0.8477105626306871,0,0,1
177.71796270794533,826.8622239130652,25.101315309808253,0.8780368721168033,1,0,1
90.81243815606572,1182.6519809194403,9.6718571389483,0.9061212911198563,0,1,1
194.13817656277877,319.3289187563037,13.931956782822493,0.9005972641284803,1,0,1
199.01912376962153,227.26965298678428,26.824160611188827,0.8683739905319203,0,1,1
158.64097751916267,392.76620756403094,17.295866364924805,0.8186176810251247,0,0,1
128.92575529612043,338.63528726348136,23.035558715186177,0.9072916504675604,1,1,1
219.85454661114915,716.7314260494142,21.616573580795542,0.8150637592508639,1,0,1
126.23446919414067,880.0704847823345,9.761969212765548,0.7921289913085073,1,0,1
200.39637626488144,984.5045349513977,10.828750727256722,0.7542276276483056,1,0,1
178.9369436444112,223.12627627155842,18.318881026651184,0.8660176915945905,1,0,1
154.18124634345565,432.64427708143387,9.565965198997898,0.7705896452632738,1,0,1
158.0656128881546,400.563894644707,23.134022012017134,0.9487096090621874,0,0,1
82.07430910827694,758.6921466564344,17.764831805092527,0.7932436149551465,1,0,1
165.317134111111,656.2206388690544,24.153011626093832,0.7626752171863533,1,1,1
101.06393968626483,260.9161509012006,17.496524711163236,0.9380400257952572,1,0,1
223.55406391048012,56.260265570444155,8.773841893695126,0.9597189665364508,1,0,1
203.18592498081756,1148.985380981935,24.98596952538827,0.9437454067782141,1,0,1
218.37908083269,274.37514302784155,27.637449216971234,0.8554894765586475,1,0,1
77.85827658915439,384.3306537637649,29.642100787934133,0.970964392884058,1,1,1
220.6547271444109,752.6034243470929,8.88274164574221,0.9573327707938273,1,1,1
218.54153278209105,1007.957147481249,23.35982493572791,0.8170254818954912,1,0,1
63.80873991118729,719.9542455970329,23.374340749812724,0.9463891785107967,0,0,1
61.52154672801874,159.35769486733892,9.192658372531847,0.916859947823562,0,1,1
107.42869383801084,1059.3699048014805,25.88929974400391,0.9703009500193136,1,1,1
223.16105533752847,847.3891857070837,11.745701346759592,0.8124927293364413,0,1,1
155.68778821498427,1047.1419967321872,28.958803062979666,0.8431177746121732,1,1,1
112.48539890839727,961.2493916626357,12.955277851375417,0.9067358265478125,0,1,1
166.6808093099686,263.8236870055423,12.936121865366692,0.8635853150128631,1,1,1
152.77883213691058,438.37701624654966,20.083906853665738,0.9221229916885825,1,0,1
197.02026096063668,806.457097041614,29.100470423918466,0.9641507668168434,1,1,1
112.06790204381241,1022.8600445133134,17.405125481694057,0.8126153247763903,1,1,1
88.24031095979815,574.5825522877958,18.831867079648774,0.7584248304477285,0,1,1
217.8458038330045,386.27734646688515,27.247739161154378,0.92751007598572,1,1,1
242.65357992701317,577.8151757751511,13.24539793697664,0.9666177950115358,1,0,1
168.809735012771,625.6680228655435,26.822955669662395,0.8720598936456099,0,1,1
163.08933598176023,318.0013225069033,20.61981287474397,0.9389531829146278,0,1,1
126.42118719903449,386.5721626233378,16.63693050794445,0.8286652127770358,1,0,1
199.2990743902512,158.16879326287705,28.93072019465714,0.893132826567167,1,0,1
138.29834805454178,307.34514421162265,28.515793887648925,0.8622640228333168,1,1,1
130.5101573089124,878.1169027200124,22.871834774639485,0.9123016467910077,1,0,1
102.19561575970806,998.3203057210269,21.38370102369693,0.8522010051024238,1,0,1
221.53266958895904,1197.2199818878682,27.51272643942308,0.9364004146915939,1,0,1
199.6215988949242,400.26167123185365,11.872873007409355,0.930900954033826,1,1,1
219.7202025156338,1024.7863789356434,24.974533973228176,0.9526027274681894,1,1,1
116.206316530554,1071.4405721962714,26.493279701010223,0.8587622441084254,0,1,1
69.61340219855053,1115.2219561256684,29.155887645756753,0.793582733556909,1,0,1
198.6082164288932,449.38081607557575,22.983102458069794,0.8357615971165009,0,0,1
81.4079700606101,713.4157662234877,8.900933707288555,0.8712835263079677,1,1,1
227.7285229290344,1110.3561224461735,10.299613533265273,0.779611856661414,1,1,1
245.12639673956585,103.20120494099996,15.827029852414523,0.7989656785717985,1,1,1
82.77872598193062,606.0503774697172,23.07969149216841,0.9291712406025286,0,1,1
168.16346276059966,983.6954822038904,25.774636660314236,0.7936661118623229,0,1,1
89.72111457610762,1027.4281151154323,23.976168644966315,0.9436198338040104,0,0,1
187.53209570580034,86.16284831778967,23.9829284194233,0.9422301062965582,1,1,1
93.17607422662977,420.5994528924074,29.434709188430503,0.976855479918829,1,1,1
159.31882883080237,385.3263473853309,13.87178433817298,0.9637863122346741,0,0,1
