forward_bytes,backward_bytes,ratio,byte_rate,duration,label
453598,234198,1.9368058787612243,19974.01326237836,22.709407170283857,0
420333,2405980,0.174703374631803,43675.50556117842,9.623998499827758,0
366970,956077,0.3838285160834158,18932.64157168124,19.38292649816497,0
314768,953444,0.33013755381799686,78183.7427972893,4.026003216757145,0
9032,52610,0.17167512497386478,983.1789193291565,9.186527317085604,0
385267,1757091,0.21926398845364956,13658.154641046114,28.207837012049776,0
96120,95910,1.0021791035439105,7065.5509025747915,13.604034749077025,0
350249,610019,0.5741598636110291,30112.291052330987,11.631429816858365,0
159779,1490013,0.10723322062745719,5342.504963824426,29.90713178217103,0
250292,1597223,0.15670438210294863,12482.047216110093,20.052159366690894,0
281309,2252245,0.12490154272668261,83313.70710341448,3.3765032163413484,0
221123,1710387,0.1292823616629677,12623.283172225474,17.517075152566367,0
301907,267142,1.1301325507312563,17710.66916752331,17.046617332427942,0
374958,993375,0.37745828367103695,127712.97309683084,2.9359429266102057,0
229021,855675,0.2676492036705482,15768.839697496487,14.523643108399417,0
477759,3083389,0.1549460172083324,16637.561805039866,28.715685963990033,0
478186,2097870,0.22793870547807754,79964.96420989673,5.979943900741697,0
22156,192631,0.11501723493500561,1652.6060622489285,13.40670381533593,0
179408,1211911,0.14803715121229924,7817.10819102694,22.9506865730652,0
416684,2791319,0.1492784775661694,70478.9588099074,5.912175875410714,0
244735,2287823,0.10697282658106567,8696.120474092131,28.143009371722183,0
122938,545572,0.2253373975618295,17487.453213420897,7.030068844195688,0
247191,1828691,0.1351736651114567,10014.25116250014,24.683922540872913,0
217375,512749,0.42393954168698195,11007.558101048251,19.747794924589073,0
284068,1926244,0.14747241394526656,13771.231612594442,20.627639414633503,0
368349,1929093,0.1909440390152061,19484.062087286977,18.90514402745316,0
488884,3063569,0.15957983659586691,21625.62455414769,22.606699694424986,0
362055,2237397,0.16181966730997346,24177.379049299434,14.974948246530094,0
282488,1944957,0.14524118258594787,41568.91120450739,6.795655498654709,0
262587,394649,0.6653667806917521,25070.53337064771,10.473929537830807,0
80784,383680,0.21054990995123554,5578.310188625856,14.48180493166517,0
203891,1211681,0.16827104801424797,7579.3303722083765,26.900925277992947,0
476917,2726947,0.17489039028246964,20776.616998685797,22.954506983989113,0
311717,2066986,0.15080743129976143,11680.006449187056,26.688084579071095,0
416789,3994459,0.10434176334222899,55569.222859101115,7.500356826238004,0
330206,264699,1.2474726105024556,25472.88528397634,12.963038788845617,0
280715,2203713,0.1273826821447792,13717.603847385559,20.463850911797657,0
289248,2250401,0.12853170233584932,29184.117864949334,9.91114418254842,0
411142,2596085,0.15836994614199992,84207.40794951082,4.882492051608013,0
125182,1144372,0.109389158954292,5730.349818875966,21.84543770567833,0
183056,985252,0.1857959326183224,16514.93453015841,11.084270401781854,0
469705,1745754,0.2690555089345298,20433.986254308515,22.98645962438986,0
285748,2591840,0.11024904691298579,12429.887358651482,22.988784351381344,0
395900,2947530,0.13431580532995244,14081.977221244557,28.11394975151157,0
113301,326801,0.3466961646501551,11248.790896248445,10.072282527519176,0
119419,895723,0.1333212016201419,4197.061489961644,28.45300224588593,0
347773,966100,0.3599758203334848,30047.349018991787,11.574165820092345,0
105509,283550,0.372098846415636,39325.77432981253,2.6829478070827086,0
19152,100131,0.1912675268645388,666.6220093952451,28.72992450005448,0
283833,1677750,0.16917468682778314,12693.968891757884,22.35967351269397,0
459442,1989748,0.2309045010199779,16273.862701519329,28.231896042548428,0
417158,1295867,0.3219139603725071,48846.098718313515,8.540252158226057,0
198349,1459526,0.13589950716910343,64841.89138786294,3.0589638234569887,0
24551,60343,0.40685072252419463,828.9272595690148,29.617797842436538,0
135964,354521,0.3835135760263115,10727.417872892347,12.674438677696548,0
482926,3290770,0.14675162750613763,54059.212773376035,8.933278440892119,0
468961,3036298,0.15445152140813537,181383.52519528964,2.585466345386579,0
292168,896394,0.32593666854455905,81555.60278423902,3.5824393423092054,0
7947,79126,0.10043348035436703,564.3283409115071,14.082227355733986,0
259591,1010465,0.256902260937033,15783.980974288697,16.446484598711855,0
327499,1663782,0.1968399725204549,11558.090222828692,28.335044430882533,0
260492,369072,0.7058007494452317,14576.590802292987,17.87057094029305,0
233391,598504,0.38995664196623253,18417.686583213374,12.672112696972595,0
470646,2053505,0.2291914413690537,21037.07090967498,22.372221019778433,0
435396,1284676,0.338914762232063,16753.449806679484,25.988438502165128,0
14834,75267,0.19708242546633364,1300.4874431914038,11.406492294610148,0
111688,210039,0.531746334031613,8226.23988180267,13.577041467884483,0
113491,579486,0.19584736154564295,4275.62949990129,26.54369374208409,0
359054,3381749,0.10617402232571893,24328.619231583074,14.758503003486574,0
467636,2199447,0.21261516525964697,18353.509404011937,25.479377796694205,0
63821,101134,0.6310476096306916,3562.8441468164524,17.912936230181913,0
236745,2270320,0.1042782055929536,60973.72911400269,3.8827377534570253,0
387921,2557279,0.15169281424013015,15528.88821660115,24.98060354284045,0
169807,648409,0.2618821424715843,6466.382771230381,26.259967281165174,0
231766,966995,0.23967627580672515,22093.684024874183,10.490147308120553,0
493752,601058,0.8214701052642087,20464.472374917998,24.127277310367425,0
425207,2710605,0.15686787382600054,26779.109726709852,15.87830978473092,0
424593,3128881,0.13570118655801017,31463.830389571056,13.494637961839981,0
111388,659702,0.16884567752458304,4172.883588547087,26.693291973376866,0
377286,2958428,0.12752917173270004,37293.53722360427,10.11665902694807,0
477881,2903059,0.16461285677870935,24427.50366590746,19.563235217807392,0
393813,2884613,0.13652190553051466,13464.589063155181,29.24805191995344,0
489625,1824701,0.26833148645641863,41908.46697078281,11.68319996866863,0
229966,523160,0.4395702279030738,9019.04460000579,25.49782268510485,0
53690,79715,0.6735159817351598,1895.4963089747855,28.32503537241876,0
459730,1800362,0.25535405915362624,17417.04255838952,26.395411187564402,0
287916,2109383,0.13649292874128183,20274.97222786352,14.200561991612613,0
131941,1138101,0.1159307338006611,10242.511290161263,12.88170413116749,0
414549,1653327,0.2507360910841648,18097.21283679686,22.906787014025834,0
310697,680751,0.4564026253319858,17457.384467793818,17.79745417036487,0
74908,630851,0.11874100422920114,3330.3618051407984,22.492451085756162,0
11422,49337,0.23150512789330738,401.34821259933875,28.45907778192213,0
491572,4117335,0.11939079055000612,79108.78210103897,6.213873946032395,0
131000,94334,1.388668044734192,9120.687540377847,14.362952290609115,0
57797,465668,0.12411605668403952,2243.1940802805966,25.765492387876797,0
16716,68619,0.2436024482658117,1062.4988143525393,15.732723438553972,0
24414,157123,0.15538046383747867,911.7203143729276,26.777948911659067,0
393776,2105930,0.18698428391053648,16484.78521640487,23.88723873745913,0
365478,1895199,0.1928440270156184,23729.169085719546,15.402056375414695,0
455312,4374692,0.1040786176309972,80588.37653834342,5.64984703201417,0
208232,327850,0.6351421834918911,15951.941481154481,13.05370886960712,0
125182,111182,1.1259095365298653,4695.813073401805,26.65821616900818,0
300021,234116,1.281500275503274,17596.72009479085,17.049825102850566,0
454352,391662,1.16005851969678,219947.50569439272,2.0657292682886883,0
212015,1933535,0.10965143653906625,10068.945263350266,21.056326601725484,0
212774,833855,0.25516875815488527,41033.801345055785,5.185334846527384,0
310979,2971334,0.1046596900046612,15441.295541120964,20.13943708103034,0
155995,1242635,0.12553555506198114,22295.769255471092,6.996618874754494,0
374598,2907123,0.12885518471176324,40285.164948262754,9.298658711738849,0
324176,1586329,0.20435596628696426,12383.641396717543,26.177760612958913,0
266814,1480646,0.18020095269162736,39661.13811451948,6.727340986271962,0
105565,722833,0.14604321324121444,4484.682007537317,23.539015658764427,0
187964,1692441,0.11106082217293119,16428.040121360486,11.441656984730677,0
248661,1412550,0.1760368298206578,8302.474187406184,29.950228617053416,0
210590,1228062,0.17148143051292972,62804.87893275668,3.3530834479511133,0
102591,639336,0.16046466886790534,5094.139481347579,20.1390245350842,0
268152,2600780,0.10310441363575018,21148.556938240654,12.679446677287455,0
287356,1667883,0.17228776101935148,11916.894265424418,24.11332966456977,0
216418,380237,0.5691645758709019,18528.229173275104,11.680447061403942,0
51810,155831,0.3324734329277684,12302.156398305706,4.211456782254487,0
260414,2243734,0.11606272576752602,10863.141294396266,23.972255625022033,0
163637,184472,0.8870512215879831,5932.010440705681,27.58542009250636,0
202798,234354,0.8653453094664078,6761.5661110829,29.992755623226593,0
197242,173110,1.1393961100103402,8439.022119318508,23.372613225941897,0
146867,136432,1.0764770986491539,26172.925366170242,5.611409421960627,0
334611,2044936,0.16362900177364878,17843.474140766284,18.752570119488524,0
374868,3484768,0.10757327099730284,38657.82902136126,9.697078431198456,0
367213,2825042,0.12998492412327883,26668.79041594833,13.76939089747397,0
347753,2780248,0.12507980400316662,11782.538724462864,29.51426752181994,0
365634,2013653,0.18157737128622892,56028.51674357043,6.525855425968571,0
378570,3352542,0.11292025188043822,23006.46625665646,16.45493904960169,0
271692,2086102,0.1302390150438401,9770.16010677817,27.808346744646517,0
99780,312330,0.3194687687101184,4437.082877929648,22.487747636248244,0
320926,325764,0.9851457338879254,42174.30419576081,7.609514990700385,0
299180,832117,0.35954035365176573,20946.862147400952,14.282807510485368,0
85337,356280,0.23952161355783777,3563.031772993027,23.950670506739545,0
65138,317301,0.2052870766651329,2693.732379190184,24.181318271706864,0
85038,467380,0.1819457787115865,10128.48631919903,8.395923864635765,0
371355,979031,0.37930833721471824,34335.27830415426,10.815552351444591,0
452472,1002621,0.4512887209736072,46895.728496590506,9.648469370358463,0
202015,1273921,0.15857721273358966,13696.67043568805,14.749204994640861,0
484552,1223765,0.3959515136063594,98377.22670085792,4.925448869110826,0
229997,334354,0.687882639709291,7731.100158255763,29.749582244694437,0
104391,536795,0.1944705251156864,7831.247103448862,13.33006079632278,0
300931,2424749,0.12410805237653366,65624.02325089791,4.585683490472103,0
247534,2446703,0.10117039086052093,11877.864687961912,20.83994105867135,0
85184,643395,0.13239746594632232,10395.063476353262,8.194658954587142,0
310213,904801,0.3428518062515335,13131.97204027994,23.622727725011746,0
296849,2420557,0.12263659866857146,15383.68346385509,19.29635387373024,0
118361,267072,0.44317845682641077,15226.181590272043,7.773518219145663,0
422630,262133,1.6122670084765807,37004.92391214373,11.420912552161944,0
195481,1594856,0.12256960968914454,13276.509388253016,14.723824936467151,0
120642,869442,0.1387578024091286,4799.9357325284855,25.134086521706163,0
403468,1019010,0.3959407700211283,24182.614231083255,16.684217684016982,0
287509,2531573,0.1135692656031386,14388.49328709606,19.98186983607553,0
114105,96819,1.1785271638091304,4398.285445759213,25.943063815928323,0
146905,1256070,0.11695596825338694,5023.205498631889,29.245269786396513,0
129424,964999,0.1341181347150259,4560.326885686058,28.380421676839813,0
182249,1008102,0.1807841063859546,12459.236304855463,14.627622074153624,0
194573,650474,0.2991244859525731,8921.013300532532,21.8106389313852,0
203762,1893561,0.1076077783563464,7728.354983668934,26.36550733378278,0
443210,1762461,0.2514720884762338,85921.48972473344,5.1583137282641545,0
310792,1467171,0.21183065107567484,11290.90014916486,27.525883312588498,0
83214,479699,0.17347091932457787,3516.121011321509,23.66642095993295,0
372098,1797638,0.20699261642632363,52190.94542162262,7.129550863545775,0
317524,928770,0.3418754461541112,28407.187335374874,11.177593763554128,0
380662,2585790,0.14721298047676706,41379.37131502824,9.199318111963446,0
198221,1143764,0.1733057052803679,29351.9940321185,6.753237949799804,0
332724,1058370,0.3143736931567475,146206.60766247075,2.2757111003363066,0
208598,1650587,0.12637799378160994,8354.696866011134,24.967752073522327,0
402723,1713546,0.23502302533866887,46053.98242512702,8.744585783753516,0
70682,258350,0.2735890319758778,3208.1206631764394,22.03221369174313,0
355857,1592708,0.22342876193956335,31564.86501804079,11.273832465198605,0
122360,720477,0.1698316950691069,5449.932208027287,22.451655420552594,0
171737,553594,0.310221371219032,6118.446165550743,28.068727803301893,0
116360,647486,0.17971017178723278,19485.424263149802,5.9716431332755855,0
242904,2355421,0.10312546966106285,49028.11190876329,4.95438209923363,0
372127,3098098,0.12011462512979734,18152.21161025623,20.50036700705624,0
194608,1158030,0.16805076893451038,8675.852094371608,22.430995582122755,0
190489,997723,0.19092354198155,7118.72498797531,26.75886487001072,0
20325,104577,0.19435254068733385,2405.4395103360903,8.449599298865833,0
404652,2317147,0.1746336444629346,70182.35202629761,5.765722981874065,0
209836,1645784,0.12749903541471092,48516.03827214019,4.325085218685221,0
52812,304609,0.17337579199632316,3682.552839721905,14.341138416356898,0
173840,112315,1.5477759179457957,6994.340676937203,24.854379852158406,0
444105,993521,0.4470006703424786,34662.21693040051,12.812365720626993,0
221882,1787040,0.12416167284354417,8069.021897824285,27.49800444336727,0
89945,287774,0.31255320997306923,6433.092574781635,13.98161132525799,0
370867,712602,0.5204398522038217,18973.632234481665,19.54644189455755,0
348929,2729869,0.12781890712744562,63299.27095602663,5.51236996461456,0
457605,2299371,0.19901303486343228,22241.741743875762,20.5741531067818,0
149733,889988,0.16824140523085115,6587.9004051014745,22.728485677174355,0
73240,667806,0.10967240535064772,10758.121958881093,6.807879691263269,0
211304,1979683,0.10673622658969815,20880.570253540693,10.119646994035971,0
350756,3401628,0.10311412561452175,11858.434643846947,29.578608858126035,0
121107,461729,0.2622896497953349,10560.502986179683,11.467919677546636,0
281965,2658608,0.10605734051152313,10019.640015549945,28.141230579382633,0
195596,513129,0.3811821565685109,22900.689453447478,8.541052897014632,0
223576,855469,0.261348732275825,12622.689147912604,17.71223210681477,0
334221,2567050,0.1301964783714854,13846.899776260709,24.13688301355315,0
256084,257508,0.9944662128313961,19555.971958484235,13.094925710859366,0
313560,2397384,0.13079250933829986,18345.999565014834,17.091464484603375,0
163929,742421,0.2208029934457761,12023.70713608954,13.633815107485601,0
286220,1538104,0.18608612545957526,94969.70089063606,3.0138033216467788,0
499981,3335679,0.14988877830007674,96071.32922928841,5.204268578471747,0
57162,58463,0.9777298850574713,5203.076605601807,10.986192272944331,0
240680,1801934,0.13356752602063893,14192.567890422215,16.958171478074924,0
308172,2171497,0.14191677818722376,63045.235038087885,4.88810930459411,0
120319,616990,0.1950093275266576,4959.145919392384,24.262040673072594,0
422531,2467235,0.17125682342507972,19261.793685504104,21.936222913548555,0
307059,1092094,0.28116510010576,23149.36594014403,13.264250986136924,0
375519,3475881,0.10803560074824174,12967.723222458062,28.9579746234605,0
298161,992304,0.3004731408185991,21640.923733256128,13.777646632606944,0
460024,1267916,0.3628187018550899,36694.09550195381,12.536730874739932,0
130614,162257,0.8049772584402618,5318.217167675258,24.559734189473698,0
66829,568290,0.117596442667577,8965.249477303645,7.45422647402995,0
498195,2292516,0.2173135466389126,20358.00458062219,24.471700948245584,0
274743,472109,0.5819470038762153,26528.253375174412,10.356618512137295,0
136011,320861,0.42389251453896065,13508.88859424604,10.068259801767287,0
199639,1289675,0.1547977941746609,8890.859177306287,22.454410312737146,0
182564,1160809,0.15727293872382217,39231.40123620389,4.653517188968631,0
321158,2735163,0.11741818772110192,156606.14115336223,2.0507369483390465,0
273452,2702239,0.10119456450944402,27110.210972037097,10.086679158714508,0
423280,658735,0.6425639406378276,48386.49631333655,8.747895223885703,0
390348,3777058,0.10334707506554704,23565.355075548756,16.56448624468308,0
311257,990986,0.3140878740084381,11765.543789712714,26.45496082145814,0
400608,3896225,0.10281949763694406,35202.06967953051,11.380239958815482,0
32653,108191,0.30180604850635906,2595.976504291739,12.578311069463522,0
147871,322470,0.45855596317188213,8077.192677423133,18.307227016302313,0
152943,296846,0.515225014906669,8555.607930132475,17.87634511176482,0
23381,160036,0.14609746496122772,1743.8945187842492,13.407347605117765,0
258017,2571412,0.10034055206223193,20537.758345922575,12.56305560003947,0
51892,207539,0.2500337284378915,5675.945081962188,9.142442227799148,0
347535,2550983,0.1362356643554017,95502.23449588499,3.6390248022414036,0
498673,1457271,0.34219624064690735,72562.83063831682,6.8722925444514775,0
75527,184274,0.40986026319359653,30909.781604748052,2.443465986456478,0
306379,836208,0.3663904598013176,24267.79992276779,12.624918656617014,0
346787,2993770,0.11583618119087932,19527.123362298902,17.759246642008883,0
58697,209464,0.28022342634807723,2604.6746923194314,22.53525178137736,0
264713,986297,0.26839048644527314,40308.283668537675,6.567210903267005,0
252220,1564352,0.16122959459917294,21795.26769833252,11.57223684934581,0
206249,308662,0.668201242131386,11278.91957480906,18.28623731484419,0
469002,3680511,0.12742846647422967,20110.847313499504,23.32084733621244,0
203466,1126122,0.18067830956298736,95698.02117285837,2.1261254674480825,0
189223,991783,0.19079053503585458,11297.394593810555,16.749260055382027,0
139980,474050,0.29528468455925627,27398.826977902972,5.1089778446680665,0
70447,374475,0.18812153515846142,3249.899189538224,21.676672380108432,0
435220,1042375,0.41752688089518564,22187.790807468125,19.61529220175947,0
303841,2004562,0.15157468236219065,13883.62175966917,21.8848514645245,0
413249,1197015,0.34523264517767516,153970.2978225559,2.68395272233773,0
21340,73451,0.2905298698469749,1884.724971934692,11.322606914946451,0
433812,2532044,0.1713287086129986,53877.623900466264,8.05180274470578,0
223668,627352,0.3565265488488937,17283.560439653993,12.941083567876117,0
337830,2571086,0.1313957870737163,13797.895367832667,24.484168852852036,0
364205,770767,0.47252221161231395,18737.952202449556,19.43675573856937,0
488553,4432708,0.11021544613012042,16578.638221040837,29.468825695222133,0
261896,2306443,0.11354968947869534,10813.637595336551,24.219047262407265,0
123399,617344,0.1998866112141509,17290.472035188395,7.136820773248221,0
443913,2378675,0.18662188545224317,149328.971361066,2.9727185284538815,0
239778,1310223,0.1830053487037331,12817.951670641603,18.706420975918526,0
283035,857596,0.33003263770745467,11394.949777743026,24.838635142809743,0
431939,3129430,0.13802477191540571,17393.289776543385,24.833657436243804,0
16026,28435,0.5635813757209172,2789.4107357784033,5.74529946215606,0
353324,810334,0.4360221389918984,17510.00564795145,20.178405827146978,0
403737,2120003,0.19044162180826074,29196.045991977364,13.828482120864615,0
70232,377484,0.1860524259242089,10004.138590884644,7.020294587281357,0
238503,1984219,0.12019987702976484,88206.63234235298,2.703912321176797,0
132066,1253591,0.10535006605019816,5348.923172735535,24.69020319326424,0
411074,2855787,0.14394415831987528,73776.16113304842,5.571908238199958,0
443916,1852927,0.2395754179331307,21317.715593391153,20.82380722527424,0
292699,2839723,0.10307304512692078,20157.647352963988,14.52049412685858,0
282083,1673620,0.16854652277905213,70774.59440180389,3.985653360279947,0
130068,628373,0.20699137774637397,5152.148210091988,25.245391765947996,0
337740,299483,1.127739712305165,120904.31830466469,2.79344861073477,0
169720,1204904,0.1408575779833265,7050.601282982651,24.07170582878323,0
10328,11497,0.8982431727256914,472.8299460678966,21.842948159034194,0
48638,297731,0.16336168097483644,15543.048762484645,3.1292445094423638,0
374523,2694674,0.13898633415903588,53490.99387269393,7.001608549120386,0
437986,2324032,0.18845945819185872,31931.123570059073,13.716585920912827,0
26918,48956,0.5498294421635312,909.2126771297561,29.605834451160497,0
276073,2755525,0.10018885686435185,9692.903934721817,28.48197009474676,0
212171,1533371,0.1383689020016017,16733.217472381137,12.679629625933982,0
211496,798446,0.26488420646580174,31045.449959204525,6.812463671098911,0
84494,513633,0.16450234992231821,17065.653711432573,4.9511141752159205,0
349608,1351659,0.2586508441471968,44994.2133410737,7.770065838240907,0
292157,2498299,0.11694232077812913,36953.994207229756,7.9059654109823345,0
161156,757081,0.21286465666863036,5906.020942570459,27.28673019738067,0
409395,1482688,0.27611656928728817,27277.874592573276,15.00831740429889,0
455181,1535179,0.2965000846806238,32506.85656250639,14.002615082905574,0
18116,60427,0.2997947971139207,754.7503875600808,24.0026375588418,0
235982,1905130,0.12386654775970786,8324.748645867874,28.347042059598227,0
190874,1715933,0.11123621304782119,12764.640202477009,14.953339614144427,0
163848,518365,0.3160855457340952,6552.825581328671,25.00417536930346,0
198523,1852009,0.10719326569510963,28221.98450617351,7.034338777862111,0
460998,3266364,0.14113487010790282,15838.573612052749,29.106030081470994,0
244718,839526,0.29149509187911765,9902.57869775495,24.712552908615702,0
477243,4066916,0.11734761245434809,31605.360735966584,15.100064953756476,0
65083,127569,0.5101748059888689,2578.4722794290215,25.240915141586093,0
342650,833968,0.41086659096441236,13245.947680422405,25.868288797972447,0
264399,339826,0.7780400027072599,10436.291740458035,25.334573484086587,0
21346,45723,0.466844545534074,791.1703909996171,26.980281672358906,0
63596,413582,0.15376840924312654,2120.4452754661284,29.99181385901127,0
179175,1291211,0.1387649743032128,14771.763989150575,12.12956016164344,0
395807,1252756,0.31594874345144347,20263.63343448377,19.532874066229052,0
242515,1891076,0.12824173738033934,16696.031567157053,14.525307946653257,0
301355,3012581,0.1000321319054552,15603.175626283413,19.31369659727281,0
271013,1670916,0.1621941724214907,42496.64250486813,6.37728027499948,0
96515,198751,0.4856051763001127,7360.307626176196,13.11290300649311,0
62110,250656,0.2477888110046797,3401.30467997857,18.260639914325854,0
309357,167616,1.845618284541544,37042.359406145544,8.351438865113863,0
266418,2052607,0.12979487559241706,19227.229408460833,13.856286537194189,0
152033,1144636,0.1328220213045708,22427.159380796682,6.778968188462542,0
278850,1325047,0.21044520651327348,10778.442526072491,25.871084743967078,0
23213,13556,1.712251973150402,1472.6819817577857,15.762398323291144,0
274555,1142012,0.24041320019999773,27018.992421066312,10.161555831591022,0
150843,896906,0.16818131645755915,7952.322831733729,18.968420069424408,0
140117,1148348,0.12201604216139866,6119.950007504447,22.895121664096074,0
272706,453545,0.6012752840946674,71632.69238586316,3.8070047476509346,0
108147,609950,0.17730440641953207,8998.173982719285,12.018771831673067,0
290988,2595205,0.11212520316306297,10106.768452651844,28.791398691205764,0
56708,485495,0.11680425791355645,2019.3012714726171,28.082981376347334,0
349692,2684026,0.1302863197724911,20480.05691829735,17.07475723310013,0
66230,287566,0.23031154478782337,2564.8872589847465,25.821797729314493,0
441844,508171,0.8694772636036617,27153.22296860124,16.272248804899824,0
333301,1210490,0.2753436415471077,28648.593723427468,11.63411381436996,0
266491,281427,0.9469242577142288,11429.67416606739,23.315712777811548,0
184873,548423,0.33709866818374107,6883.789503904777,26.856283141012984,0
312279,1748202,0.17862856887901463,46975.90369250274,6.6476422049085375,0
185208,1570971,0.11789388989746476,10282.931869413253,18.011205593115346,0
441949,709607,0.6228072400536634,41460.5473726099,10.65950712199147,0
248834,2301445,0.10812072062520693,121725.42027695652,2.0442237901815323,0
204959,1997135,0.10262646109228415,71899.58943635371,2.85062823872495,0
462725,2897242,0.1597121815463874,17696.2767967545,26.148155643952393,0
319399,231918,1.3772006605754596,35851.56462533196,8.908927778686664,0
96594,369036,0.26174611217845367,36871.2513090498,2.619764628825918,0
368042,1523112,0.2416380137258365,27081.96511261949,13.589929625472488,0
169229,1139104,0.14856312631407992,21719.864313564747,7.791439097265037,0
398904,1064500,0.3747333257554479,42977.20812513762,9.281756945181339,0
189435,714218,0.2652337728343827,20331.76275096194,9.31719508634525,0
408669,1379509,0.2962421439496633,38292.17567610442,10.672389144370893,0
76176,132887,0.5732346035759437,7775.41912380654,9.797028145629689,0
476830,1163329,0.40988369594182217,33197.74705754109,14.363324088635252,0
167320,1163395,0.1438203328875121,28049.739355475325,5.965117817301181,0
49800,327805,0.15191912289585913,3922.6679033252026,12.695441272962487,0
120368,759207,0.15854416707937746,10709.566556554331,11.23929706812774,0
120998,301823,0.40088925996607294,4441.66212648257,27.241603830820974,0
401029,3668280,0.10932341333720072,20168.08901375407,19.88433310297815,0
315588,2316694,0.13622336993000805,22178.025740765028,14.229760741052951,0
170090,209123,0.813345192326084,16581.08885126065,10.258071802508201,0
27989,170634,0.16402848184721774,10636.631393300373,2.63137820284242,0
8561679,31099,275.29514469453375,3370842.872129081,2.5399223057206166,1
14771386,4676,3158.3036134274107,2082249.0725754993,7.093957295766504,1
11107936,4065,2731.9075258239054,1613843.3836071917,6.882908287650584,1
17297966,17924,965.0190237099024,16840119.48862239,1.0271878422054512,1
8443131,49648,170.05641604060506,1767964.1632170698,4.775623384037653,1
21187491,24052,880.8668773126013,16048220.050074205,1.3202393121411637,1
20848740,28974,719.5423641069888,2647011.52334464,7.876331408507246,1
14363368,2485,5777.702333065165,1526673.1507159646,9.40827969186725,1
6092195,3419,1781.343567251462,743572.4133154493,8.193142847831123,1
4768976,37263,127.97810218978103,503576.0380677694,9.470220263654024,1
5243517,46210,113.46902252710393,1461424.0670701587,3.587950354828989,1
13021507,7487,1738.9833066239316,2170050.656828154,6.000554392141626,1
19482856,37843,514.8202092802029,3254107.2991580865,5.987158445894107,1
18945225,21725,872.0070422535211,7959230.66470654,2.3802834467417107,1
5762204,1784,3228.1254901960783,905203.6176877983,6.365644024621392,1
12076693,32127,375.89308391434264,3362663.578655667,3.591406846838971,1
9423666,32921,286.2422088572991,1859152.5280220776,5.068796593050752,1
6278569,45070,139.3039648554503,1620756.0664033387,3.8738519201923665,1
13459247,7200,1869.0802666296347,2515498.5620766515,5.350528600139138,1
22002835,4598,4784.265057621222,2553793.725619011,8.615744795389361,1
24439883,21598,1131.528450391222,10137385.339322029,2.410866528393652,1
23460741,18862,1243.7438901553305,4019485.357899262,5.836752447398263,1
14023943,26544,528.3082689772085,2430889.7231852785,5.769057668985471,1
8512276,33670,252.80734162929525,1290280.355384398,6.597229791554904,1
18196710,49884,364.7731783101133,4034617.9177785073,4.510144546728046,1
5528362,46480,118.93810374131365,892721.5636764291,6.192705794215339,1
20050729,32323,620.3046962009653,9006483.186783792,2.226255085827801,1
24403523,36361,671.1270832187448,2741033.6071351115,8.903036772871314,1
23145619,4869,4752.693839835729,2650060.825494583,8.733995377513764,1
8650215,8971,964.1345296477931,1538444.928496454,5.622700455357859,1
12412054,39108,317.3707842184663,6668805.25802361,1.8612110445220105,1
6241678,4932,1265.2904926008514,3430762.3466041978,1.8193268345089755,1
18577200,8444,2199.7868561278865,7420488.273366848,2.5035010252190713,1
6763049,8147,830.0256504663721,1114705.6452219088,6.0671164885449675,1
4376924,1051,4160.574144486692,482211.5466684725,9.076771450703562,1
21847864,16479,1325.7199029126214,2687842.681653351,8.128401319440652,1
19801386,46702,423.9853114360962,11561653.548924219,1.7126776819776326,1
18808323,31916,589.288560954977,4909207.68558067,3.8312339189160456,1
8188136,24259,337.5159109645507,1804136.7896388506,4.538533911078377,1
16170205,8043,2010.2194181999005,5800229.900709892,2.787855874130252,1
11249602,13529,831.4561714708057,6906862.118485956,1.6287572861619553,1
6906868,48723,141.75494622773172,1684374.7493824328,4.100553040546569,1
24902555,30265,822.78976409172,3145934.408614023,7.915789640055179,1
13461064,20043,671.5757333865496,4496397.270199714,2.9937443671213035,1
15211312,11302,1345.7765195080951,6787569.03234652,2.2410544817311893,1
14906401,49744,299.65626696150366,2653472.83753256,5.617694965312449,1
19483602,10474,1860.009737470167,2553135.1106853248,7.631245960488991,1
8265630,11170,739.9185390743891,7667405.180500927,1.0780218086061795,1
20278720,31216,649.6050229041869,4714607.61761064,4.301252966260051,1
22357312,13674,1634.9039853747715,22087846.447303727,1.0121997204815396,1
17811102,6913,2576.092276540353,2035300.9633899762,8.751090045343473,1
22884935,39379,581.1309040121889,4246231.222409492,5.389469814838325,1
9990266,21584,462.8337271253185,1852675.9356708813,5.392344018535749,1
14691219,45078,325.8993988331596,3706395.9875317765,3.9637478157813937,1
11153588,25509,437.2241473931791,2451143.1791912145,4.550361682127548,1
23622373,44417,531.8198252960511,12569334.315481309,1.8793654784808265,1
18609069,24804,750.2144325740778,1867608.8047756748,9.964115050440235,1
5340522,25795,207.0290742750814,966972.872851271,5.522928460498209,1
24047730,3611,6657.732558139535,2826815.327111748,8.507004249396925,1
16402783,10180,1611.117080836853,3991769.9646232403,4.10915036321442,1
11722905,15610,750.9387611299725,2252164.7268342464,5.205172099679534,1
15783445,25028,630.6062966958328,12019137.642424526,1.313192798815151,1
16883071,22740,742.4067103469505,4686177.367581598,3.6027383676928273,1
22426474,45159,496.60039858281664,2733843.084535241,8.203277696098109,1
20745865,32194,644.381580990837,3212125.3505557524,6.45861002790897,1
15583598,25665,607.1689394529728,1845430.6919744152,8.44442333584861,1
17432140,41159,423.52137998056367,5010646.506248767,3.4790201181145815,1
22087920,25673,860.3225052582379,5883822.174876913,3.754008762248507,1
15375616,28195,545.3119591431408,3292667.8232219126,4.669652945724354,1
15765908,37234,423.41635557942794,1992733.0871221696,7.911700820288247,1
9221995,30739,299.9998373454782,1474404.6902353575,6.254724405772138,1
22364577,2816,7939.14696485623,4437235.145511691,5.040205503335111,1
5763190,44481,129.5622948608426,2399564.8807993405,2.401764605789768,1
7250881,34826,208.19711717920003,742611.9212889441,9.76402450881036,1
5657106,25563,221.2918948521358,603097.5798614224,9.380084067490156,1
4358349,13809,315.5937002172339,3899429.7611959036,1.1176888075715337,1
13548310,25785,525.4134026215776,1633000.5246151637,8.296574187073714,1
11980571,41985,285.34680607821656,5388413.87822549,2.2233947263058855,1
17910337,23082,775.9102802928562,11625117.97608501,1.540658515194842,1
17153865,33274,515.5181066867017,2321415.870030691,7.389397660908217,1
14631835,31866,459.15319923431764,6376888.083503592,2.294510238912798,1
10137875,25908,391.28777644833843,1025588.9423726489,9.884930093480271,1
23989390,30072,797.7052505569781,5949310.952266233,4.03229721769071,1
14865106,45291,328.20599664399896,2174296.3681808864,6.8367432414178255,1
24379510,17484,1394.3099799828424,3776361.3194302823,6.455820282492988,1
5378656,45331,118.65031324450719,4407569.699495335,1.2203223923187996,1
11045472,49257,224.23711884363962,9963177.797374256,1.1086294177055616,1
18226505,16701,1091.2767931984195,2825010.8469983735,6.451835404230748,1
12302146,19886,618.6024035802283,1951099.6264633639,6.305237227839221,1
14404819,30410,473.6713360297261,2804970.4337306344,5.135461973779691,1
5087241,16957,299.99062389432714,1302147.4867345325,3.906808600274272,1
16366776,33875,483.137796670209,2954404.029465189,5.539789357436917,1
11997018,26279,456.50753424657535,2169845.7007650184,5.528972864646659,1
19893354,39311,506.03769841269843,2951831.534111965,6.739325659377359,1
5869883,45513,128.96873489475766,841303.1732048864,6.9771316535501535,1
24258932,22353,1085.2166055292118,2814571.2705295733,8.619050529651567,1
9868518,47624,207.21297637795274,7682289.4301940035,1.2845803441371757,1
6955227,14476,480.4328935552946,763807.4900790399,9.105994756977655,1
18374179,14136,1299.7226427106175,2571777.1041802843,7.144545680157805,1
9653278,5971,1616.4229738780978,2146708.8199057854,4.496780332054378,1
21463979,49651,432.2883066140337,3246945.801473317,6.610513483243428,1
11099312,33499,331.3227462686567,3796372.7129915133,2.9236623585500974,1
8590585,4259,2016.5692488262912,1781498.7670107102,4.822111111766127,1
23432026,5295,4424.476208459215,2837622.7960151713,8.257625373219168,1
14456519,21927,659.2721178402043,1475633.0184866441,9.796825375204794,1
5844040,28718,203.49037222744525,1097259.8522631926,5.326031010745691,1
15523201,48992,316.84528402016616,7437989.558927772,2.0870157018932085,1
22211852,42684,520.366686189528,6190626.798949802,3.587981107788324,1
21482530,23829,901.4909777591272,4396218.180093267,4.886593230808267,1
7957874,40743,195.31400942470057,1213615.0800226447,6.557164731218991,1
16235683,15274,1062.892504091653,3048089.5787380207,5.326511108220759,1
12063736,44858,268.9256559441807,1859571.5996351917,6.487373759830838,1
9025764,16295,553.8637702503681,2766202.824865066,3.262871369687171,1
11289165,11523,979.6220930232558,1173446.7213775064,9.620517740036528,1
17120969,47499,360.44145263157895,3834091.874914821,4.46545611283255,1
19360981,39191,494.003393549704,2537525.400122575,7.629866877023091,1
21993949,46403,473.9666623566934,6707788.621605684,3.2788673347812165,1
5418137,14546,372.45734515707704,657781.7216416264,8.236983214550186,1
16449024,30348,541.9955846980131,7669863.150498918,2.144630702951982,1
4522797,9080,498.05054509415265,493294.8225251311,9.168547476027046,1
15532766,7630,2035.482374524964,2868990.387616338,5.414018139288779,1
21191615,41438,511.3930114143681,2885898.420786274,7.34316039932766,1
17859983,43244,412.9953289397618,5806712.507791107,3.0757477619283753,1
17024171,8614,1976.1080673244342,7441504.005721075,2.2877325587558253,1
21924633,49692,441.20163805767413,3163865.2912900955,6.92969863804158,1
20938002,18198,1150.5028847738886,3991378.802169201,5.245806784517869,1
19599220,44625,439.1883655268229,2582194.377453506,7.590141226830588,1
11883060,4810,2469.977135730617,1694281.9693838435,7.013625957621146,1
19828495,14584,1359.5128556736372,3551582.46389895,5.583002844943702,1
14978041,13511,1108.4991859088218,3559861.7290844033,4.207478306707253,1
17637651,17065,1033.4964842376655,3205095.711747677,5.503002901084201,1
10637056,39969,266.1259944958719,2010943.7311594898,5.289584106794863,1
6090923,41167,147.95285172949863,1503580.4979331465,4.05094573145416,1
16099015,11327,1421.1701094632767,4550322.642574921,3.537994174164745,1
4190477,35948,116.56727586302817,735505.003212185,5.697414676581193,1
14955983,29460,507.65360985709924,2319442.943569569,6.448092651498074,1
8915782,49282,180.90988779092183,6710238.047043711,1.3286834144323647,1
17319339,17672,979.9886267187235,4746787.8921242505,3.648643965898667,1
6182931,4060,1522.514405318887,789156.7055905783,7.834858344608379,1
10631430,21719,489.47651933701655,2605493.3785444684,4.080390335107716,1
13951767,27325,510.567481519432,3757145.2071529836,3.713395738189235,1
12744039,25278,504.1354088373749,1430825.0187375348,8.906776742864404,1
15305807,48148,317.88421358699037,2635195.7171876985,5.808223996483448,1
22470368,10524,2134.9518289786224,5497477.541539285,4.087396052137092,1
23114315,22175,1042.3121843434344,3088602.854321411,7.483744621831086,1
19993149,33017,605.5227148827912,2106296.4441876872,9.492086954412793,1
16102758,38823,414.76298166082836,2913147.583645086,5.527614903688254,1
10004327,2949,3391.297288135593,1242768.8738416887,8.050030227321585,1
7177640,33161,216.44171039141185,1188661.3245211728,6.03842309994511,1
6375804,46592,136.84038374863178,3655843.912048417,1.7440033418788805,1
9023331,10617,849.814560180825,3381162.923633473,2.6687063604445678,1
22063017,7929,2782.2215636822193,2221815.0271289744,9.930177233750099,1
21935391,22140,990.7136534031887,14136459.612024713,1.5516891500430123,1
13199280,22845,577.7501531996849,2413116.260509269,5.46980691150554,1
19216272,8432,2278.699395233013,2070172.1279386443,9.28245131922167,1
18024141,7189,2506.8346314325454,1811283.5451766786,9.951032265487658,1
12549906,8614,1456.7505513639003,2034468.2492778208,6.168641857377162,1
24796136,19013,1304.0988745135164,4466419.703515637,5.551680685198999,1
23766009,38657,614.77595840447,2716401.113281726,8.749079391772122,1
20610811,1557,13229.018613607188,2743541.0739724627,7.5124849398215625,1
23577428,34607,681.2710355987055,3871487.821578435,6.090017349037483,1
6762108,7998,845.3691711463933,1003796.5405279853,6.736532481416214,1
8992332,13974,643.4584615384615,4768160.010329417,1.8859123814049077,1
15785702,28897,546.2558654578171,7843682.097763669,2.0125371991428236,1
8871482,44246,200.4990620833051,2219497.004295895,3.997068697470198,1
18442124,35928,513.2935511703638,1962131.4888676503,9.399025551872155,1
7700568,48904,157.45972804416726,834532.0669408367,9.22740815488151,1
23966507,19361,1237.8115380642496,22494146.57919774,1.0654552692460837,1
16044907,26816,598.3110340455681,4223725.336249585,3.7987571924472996,1
24852189,9798,2536.196448617206,2876703.336943277,8.639121274982564,1
9668843,48334,200.03812971966485,1513812.9293173288,6.38707915142479,1
16210878,10415,1556.3438940092167,2611596.2193564693,6.2072681373365475,1
24534870,19452,1261.2383694031769,2585280.546365017,9.490215688388934,1
12059777,8820,1367.1666477723613,2980121.7416145494,4.046739712541521,1
24987779,23099,1081.7220346320346,5849167.167696359,4.27202339813468,1
5013295,42037,119.25626813835102,743588.4528292791,6.742029116946233,1
19983239,44147,452.64199963758267,3339693.888312956,5.983554082585251,1
12757529,33305,383.03996276947095,1680697.6536748265,7.590615106831265,1
19070567,11679,1632.7540239726027,2154339.223983511,8.852165335753067,1
24196073,29287,826.1428912865338,13792929.372397766,1.7542374318555471,1
18942032,35364,535.6152127809981,2238313.4470444703,8.46263601954926,1
6611212,28794,229.5958326098281,3314966.3848682134,1.994352651712584,1
15721304,44102,356.4679046776863,1838161.8505486865,8.552731085843845,1
23564568,43255,544.769927871278,4268577.106474582,5.520473781358486,1
15764650,9176,1717.8435218480986,14966147.114287933,1.0533539380319032,1
4525957,40896,110.66721275399173,2143812.3702485682,2.111172163576624,1
18987067,41076,462.2311025634784,6231815.241740216,3.0467955585117634,1
19200830,40205,477.56130925732475,2960802.9719410525,6.485007675945509,1
16571901,37903,437.20718130012665,10582085.197961194,1.5660336020723815,1
7734049,36051,214.5248252524132,1498482.8223289575,5.1612530252296525,1
22047458,36245,608.2728576946422,2354655.2121045273,9.363348776781029,1
6290860,10394,605.1813371813372,783058.0685993128,8.033708165797604,1
8811102,29172,302.02934219997945,2743393.5679804436,3.2117528096729906,1
23805152,37303,638.1393952391164,5189593.628018314,4.587093654400485,1
21501025,26765,803.2961593065829,5305186.825935852,4.052830881447262,1
14184259,28873,491.2467617926162,2084646.074105091,6.804156914784253,1
18250431,16025,1138.8013852489705,4486398.267837818,4.067947139431213,1
19915509,42723,466.14336204475234,7299596.1005055895,2.7283028712534656,1
20460025,33692,607.2485382720446,3403588.805509552,6.011309288266661,1
5506440,21133,260.5488785842718,1140033.0984271585,4.830070291465164,1
15229526,25496,597.3065850884418,2143260.8994304184,7.1057732654234105,1
10621504,48925,217.09324285655887,6186781.151739007,1.7168061613128924,1
21902880,6608,3314.098955969133,3023335.225250384,7.244608476450397,1
24502779,23485,1043.2929830537341,3409626.796177602,7.1863521918202595,1
24157851,11412,2116.695960746517,3099603.205674523,7.793852760177045,1
5106136,41655,122.57864413289802,1001095.6930497332,5.100547365701566,1
14862366,29415,505.24768833288005,3407488.925629485,4.36167697808567,1
8474445,4679,1810.7788461538462,1013463.7533665745,8.361862939694849,1
11546128,40842,282.69539455965526,3531317.0992682744,3.269637836373425,1
6544306,6695,977.3455794504182,1610524.1100435187,4.063463539097942,1
4023382,15235,264.0707534786033,1097907.9377931533,3.664589590350524,1
9617492,7764,1238.5694784288473,981435.2887826833,9.7994153154295,1
5342643,31175,171.37038106235565,579323.9988179946,9.222202102624253,1
12259150,21939,558.7579762989973,1629297.7734324434,7.52419244652476,1
6513614,32688,199.2601180825354,1187929.1510963785,5.483167067655823,1
10061782,39501,254.71576122727964,1076410.5478600874,9.34753196166918,1
17725266,38132,464.8274722681142,9787434.48945356,1.8110226964073008,1
24858309,47597,522.2553258540274,2989086.8128454587,8.316355648545434,1
18937570,32126,589.4596445357488,2646745.4394637253,7.155040192999092,1
22718258,18883,1203.0426816352467,4234585.6560218185,5.364930561197496,1
7818067,34746,224.9997697642962,1381588.940679117,5.6587504212049105,1
11735491,2701,4343.260917838638,2721102.444395684,4.312770738995928,1
4335983,16100,269.2989876405192,3156900.44693522,1.3734937394714033,1
5115059,21505,237.84334604296475,1599403.93256191,3.198103303276707,1
8920851,8273,1078.178752719362,1193261.1436667428,7.476025719388915,1
14175568,42621,332.588053118108,1859953.932897515,7.621461881002989,1
7346953,43816,167.67357418353606,3183842.7373243636,2.30757408771208,1
20288007,17020,1191.9397802714293,2073455.620089844,9.784635274287139,1
16844975,46320,363.65741240474085,13261858.995667242,1.2701820314560268,1
11763412,2885,4076.026334026334,2405013.6060536914,4.891203929320882,1
8771873,44271,198.13590983014095,1047767.4022418472,8.37196593559919,1
5085110,28498,178.43117302361486,3719727.70147124,1.367065120919663,1
14772941,37007,399.1823659749243,2390464.5812038677,6.179945570479929,1
21751903,34637,627.9780299093482,2939380.5481429584,7.400165662027809,1
16547682,2934,5638.051788756388,1907734.703448355,8.673995377915485,1
10210239,19907,512.871157323689,1337650.124796185,7.632966805543202,1
18578150,21293,872.459378228609,5663063.602116906,3.280582968034354,1
6916971,41750,165.67198390457713,1615450.4527696776,4.281759919124047,1
20222497,6594,3066.337680060652,3591444.157520966,5.630742429240164,1
10551381,37210,283.5554271586359,2436814.1876158877,4.329989973639797,1
16615087,18675,889.6491218676376,2111308.996850681,7.869566711828432,1
20585982,26976,763.0938206620455,2801040.2712659673,7.349405937207712,1
19791461,13204,1498.7853843241196,4976308.6823329665,3.9771369228489006,1
19531310,34593,564.5866335202636,2569031.5267336005,7.602596463591522,1
4115064,34740,118.44978555597133,473750.21382549836,8.686147003019078,1
13929458,29180,477.3468352695247,3158618.8500190526,4.409983812993447,1
18887035,44665,422.8503783638562,9843794.110666674,1.9186743228948813,1
15326932,23488,652.5153050364,3029155.526662872,5.0598035872014835,1
23881016,28898,826.3613273815703,2867313.099949588,8.32870885304429,1
21364117,32171,664.0593373119483,2689291.6106641567,7.944142953959479,1
16629915,49478,336.1004668647305,4243599.444679758,3.918822974880225,1
7729046,2999,2576.3486666666668,2134126.542312244,3.621643724849547,1
21547664,48468,444.56588747446824,2595767.8895223355,8.30107502561222,1
20747076,19040,1089.6001260438002,2782365.5510644536,7.456631998646893,1
9274033,6212,1492.6819571865444,1127556.9428624052,8.224891043158342,1
23454894,20394,1150.0315763667566,17040820.822819356,1.3763946140781882,1
4052055,39973,101.36726372141892,877223.8044996335,4.619180395259888,1
18039994,23151,779.1980822391154,3029121.716267551,5.955519681866292,1
6497838,4841,1341.9739776951674,1418877.9909898448,4.579560780604501,1
9129584,7060,1292.9590709531228,946253.5237266931,9.648137387160634,1
14206373,5300,2679.9420863987925,1901127.9589715847,7.472602216467816,1
11566169,31262,369.963503182676,1210441.8453820774,9.555328117683445,1
14431504,44075,327.4231781468373,1870533.9651028484,7.71517880414778,1
16593459,24177,686.3040367276036,2076918.3103505564,7.989461558167515,1
24288665,43225,561.8994355249156,2983981.799312472,8.139682690288614,1
6180122,39247,157.46336119037912,1330719.080812851,4.6441973284285964,1
17142777,3921,4370.92733299337,1775576.9312449745,9.654764430837735,1
19698289,14463,1361.8839186946902,2941621.5451214504,6.696404924239403,1
19329886,2469,7825.864777327935,4144061.384002236,4.664478686204125,1
16655740,26409,630.6603559257857,2066327.8722625892,8.060550420665955,1
10514849,22033,477.2101751838068,1257029.7687280762,8.364836904888445,1
4984131,26772,186.16258917566205,1313832.117817758,3.7935828576626034,1
16705449,1260,13247.77874702617,4323026.349140068,3.8642949755147877,1
18414628,43145,426.79803458026237,2005769.8440026662,9.180828027233778,1
19560141,21754,899.1101356010113,4888066.357687197,4.001611182965801,1
4945424,23203,213.12808136528184,904273.3096835774,5.468948322416481,1
19291433,25016,771.1329495942759,3318021.872970373,5.814136777443799,1
24440391,9556,2557.328764256566,6844821.97207949,3.5706393971521937,1
8036589,2924,2747.5517948717948,6314900.579059959,1.2726390383166306,1
23916048,19660,1216.4207313971822,3729751.4102383894,6.412236465505188,1
22793358,1306,17439.447589900534,2421767.818119547,9.411867574364985,1
7250060,13207,548.9142943670503,5069272.302066402,1.4301973869197435,1
21151560,10630,1989.61151349826,8441335.817986807,2.5057124199383507,1
10472345,42168,248.3422656453793,1485967.005391171,7.0474949726378515,1
13205053,15455,854.3641951345755,1747569.6383162793,7.556238510027328,1
4226884,37776,111.89040950843106,440976.2479243378,9.5852872346205,1
11339096,7655,1481.073145245559,1241166.862771639,9.135835269303568,1
4078563,5030,810.6863446630889,433671.49970128253,9.404729162071654,1
22974072,45698,502.7259239808311,2716895.6597466874,8.456000846989468,1
23778735,19242,1235.7083095151484,4284246.419046836,5.5502724806595785,1
5362270,22446,238.88581993139394,2512191.524015598,2.134498882246331,1
4901111,21079,232.50052182163188,873654.0297468178,5.609899151292562,1
8809073,8549,1030.3009356725147,943028.3109315308,9.341260381990365,1
5620706,47539,118.23108960875052,1770711.0116229523,3.174265006037501,1
4770569,24016,198.63300995128452,584222.3521456735,8.165673535904833,1
20182143,27911,723.0633061049011,3168985.8908857894,6.368644006287678,1
23520338,15690,1498.9699827926836,5188993.82441151,4.532735785760445,1
13972428,22303,626.4539096126256,1662468.2707654685,8.404628374390882,1
10216618,36595,279.17307902503006,1796341.523285644,5.687458574866675,1
17118719,32115,533.027743180969,5179962.650874234,3.304795836145814,1
17541784,23889,734.2730849727919,9296933.880970186,1.8868354045096662,1
24520598,45207,542.3951070606972,16335572.337022817,1.5010553345857802,1
6759127,7762,870.6849156254026,2832169.1106673917,2.3865548757458317,1
4627475,24434,189.37896459995906,1143210.4028946706,4.047789443030769,1
10357658,34044,304.2343369070348,2189627.488664534,4.730328813289239,1
4755724,48445,98.16546257688974,652566.7562750058,7.287720304887604,1
7482837,49621,150.79676353230423,810359.213176137,9.233975351093536,1
24708283,49764,496.49920626946647,4890417.987442573,5.052386741469744,1
21473300,33269,645.4253080853622,5697504.3137529865,3.7688957862070285,1
18053095,25187,716.7339606161664,2422331.14997628,7.452777461981935,1
11233646,8803,1275.9706951385733,3812269.2293212325,2.946708462665458,1
14756637,8257,1786.9504722693146,4640797.7165306825,3.1797630281182796,1
10102744,29133,346.76817464131256,3067731.6367730983,3.29322939428526,1
15467529,26551,582.5372476649593,1960895.6548667322,7.887991878410896,1
21454767,34092,629.3012348575954,9271113.395439466,2.314152150328974,1
4497165,31279,143.77125959079285,789397.3058948038,5.696960157347305,1
7093348,1567,4523.818877551021,1762108.8217875406,4.02548804721622,1
9244899,16919,546.388829787234,1574754.4256026605,5.870692502713219,1
5197678,4909,1058.5902240325865,575002.5618203172,9.039399726403698,1
15861743,41253,384.4898191690503,8845796.053628966,1.7931391255050197,1
15029513,5131,2928.587879968823,2212463.229524889,6.79311312361448,1
10380798,20171,514.6142177275432,1272632.4076837897,8.156949278773444,1
5235340,10470,499.98471970203417,895705.0671743308,5.844937348089209,1
15054356,22326,674.2668517937923,2145596.199383289,7.016397588850636,1
7079676,43725,161.90998490600558,1205984.4028284613,5.8704540319059255,1
14949579,6024,2481.2579253112035,4414972.300496918,3.3861093530116557,1
16319902,32770,497.99829117207287,4013851.6139797615,4.065895695585693,1
10805751,14412,749.7225421494484,4131424.704295485,2.6155023444491556,1
14367257,3369,4263.281008902077,1893921.1287626363,7.585984855339051,1
6884112,44270,155.4993562377177,1653958.5692345677,4.162203411894341,1
20534820,36109,568.6740515092772,2769382.2190628336,7.41494614165214,1
5366528,16256,330.1056775542843,587293.9300225221,9.13772086797185,1
6603927,9884,668.0755690440061,1214590.3912782671,5.437163876333528,1
23339070,2360,9885.247776365946,2449574.7804642846,9.527804656601006,1
22397100,9730,2301.623676908848,6893778.589968607,3.248885891489299,1
11999317,9463,1267.8906382079458,1833071.1151758658,6.546018264462576,1
10117250,35010,288.973465482277,6061921.641477265,1.6689839622431126,1
7464143,10797,691.2523615484349,868703.1636839213,8.59228251034186,1
11616141,14733,788.390185964436,1401718.9852352364,8.28706832279266,1
5568366,27926,199.3900526372328,705565.7158576148,7.892058634441519,1
19896106,43842,453.80348060123623,2671232.687394161,7.448286363779502,1
19810744,31436,630.1728536437955,6828074.181711382,2.901366252443768,1
13917883,4188,3322.4834089281453,2204959.583449861,6.312080776657229,1
4137837,24171,171.18306304815488,571135.8386132563,7.244926198374901,1
9990842,43120,231.6931889334663,1271797.7892707267,7.855684358225643,1
19503577,35986,541.9617361825103,3029517.473038201,6.437849318769738,1
24839391,1056,23499.896877956482,3620491.130778708,6.860779408858117,1
24283535,40986,592.4691975504428,12072670.92998074,2.011446774358385,1
21127641,1615,13074.035272277228,2377153.891316186,8.887788492440436,1
4502939,43548,103.39936623114193,556394.3898091699,8.093070459506972,1
